observed_et,observed_utc,row_type,cohort_date,close_date,cohort_dow,age_days,status,all_sb,medline,medline_automated,inprocess,publisher,pubmednotmedline,preprint,mainabstract,fulltext,freefulltext,nonenglishabstract,structuredabstract,medline_mainabstract,medline_nomainabstract,medline_nonenglish_only,nomainabstract,nonenglish_only,medline_engother_only,medline_noabstract_any,engother_only,noabstract_any,status_sum,unaccounted,abstract_unaccounted,all_abstract_unaccounted
2026-09-27 18:27:45,2026-09-27 22:27:45,cohort,2026-09-25,2026-09-25,Fri,2,OK,5124,1187,1187,270,2440,1227,3,4368,4898,2108,58,1900,1187,0,0,,,0,0,,,5124,0,0,
2026-09-27 18:27:45,2026-09-27 22:27:45,cohort,2026-09-24,2026-09-24,Thu,3,OK,7455,1531,1424,278,2382,3264,512,6789,7314,4597,169,2302,1531,0,0,,,0,0,,,7455,0,0,
2026-09-27 18:27:45,2026-09-27 22:27:45,cohort,2026-09-23,2026-09-23,Wed,4,OK,5494,1183,1123,205,2606,1500,6,4793,5373,2651,113,1935,1183,0,0,,,0,0,,,5494,0,0,
2026-09-27 18:27:45,2026-09-27 22:27:45,cohort,2026-09-22,2026-09-22,Tue,5,OK,5305,1252,1062,191,2522,1340,0,4674,4973,2271,101,1914,1251,1,1,,,0,0,,,5305,0,0,
2026-09-27 18:27:45,2026-09-27 22:27:45,cohort,2026-09-21,2026-09-21,Mon,6,OK,3682,843,719,204,2209,426,0,3143,3498,1224,42,1277,843,0,0,,,0,0,,,3682,0,0,
2026-09-27 18:27:45,2026-09-27 22:27:45,cohort,2026-09-20,2026-09-20,Sun,7,OK,1000,216,182,21,429,334,3,923,974,534,18,365,216,0,0,,,0,0,,,1000,0,0,
2026-09-27 18:27:45,2026-09-27 22:27:45,cohort,2026-09-19,2026-09-19,Sat,8,OK,2837,682,553,41,1166,948,8,2575,2772,1661,55,1102,682,0,0,,,0,0,,,2837,0,0,
2026-09-27 18:27:45,2026-09-27 22:27:45,cohort,2026-09-18,2026-09-18,Fri,9,OK,5705,1238,1068,239,2446,1782,0,4962,5558,3244,77,2290,1237,1,1,,,0,0,,,5705,0,0,
2026-09-27 18:27:45,2026-09-27 22:27:45,cohort,2026-09-17,2026-09-17,Thu,10,OK,4784,981,813,187,2556,1060,0,4177,4646,2315,107,1555,980,1,1,,,0,0,,,4784,0,0,
2026-09-27 18:27:45,2026-09-27 22:27:45,cohort,2026-09-16,2026-09-16,Wed,11,OK,5187,1311,1114,206,2657,1013,4,4523,5100,2686,73,1784,1311,0,0,,,0,0,,,5187,0,0,
2026-09-27 18:27:45,2026-09-27 22:27:45,cohort,2026-09-15,2026-09-15,Tue,12,OK,8567,2404,2064,251,2213,3699,0,7925,8431,6253,80,2014,2404,0,0,,,0,0,,,8567,0,0,
2026-09-27 18:27:45,2026-09-27 22:27:45,cohort,2026-09-14,2026-09-14,Mon,13,OK,3271,955,792,143,1513,660,0,2931,3122,1602,141,908,938,17,17,,,0,0,,,3271,0,0,
2026-09-27 18:27:45,2026-09-27 22:27:45,cohort,2026-09-13,2026-09-13,Sun,14,OK,1118,289,233,20,473,336,3,1034,1094,731,35,400,282,7,7,,,0,0,,,1118,0,0,
2026-09-27 18:27:45,2026-09-27 22:27:45,cohort,2026-09-12,2026-09-12,Sat,15,OK,3824,756,616,111,1564,1393,0,3455,3786,2403,36,1523,756,0,0,,,0,0,,,3824,0,0,
2026-09-27 18:27:45,2026-09-27 22:27:45,cohort,2026-09-11,2026-09-11,Fri,16,OK,5329,1185,988,148,2146,1850,2,4806,5268,3230,63,2200,1185,0,0,,,0,0,,,5329,0,0,
2026-09-27 18:27:45,2026-09-27 22:27:45,cohort,2026-09-10,2026-09-10,Thu,17,OK,5442,1312,1076,277,2324,1529,3,4725,5383,3030,52,2008,1311,1,1,,,0,0,,,5442,0,0,
2026-09-27 18:27:45,2026-09-27 22:27:45,cohort,2026-09-09,2026-09-09,Wed,18,OK,5591,1413,1142,343,2429,1406,0,4739,5410,2810,42,1860,1412,1,0,,,0,1,,,5591,0,0,
2026-09-27 18:27:45,2026-09-27 22:27:45,cohort,2026-09-08,2026-09-08,Tue,19,OK,4912,1357,1151,285,2105,1165,0,4347,4775,2723,63,1713,1355,2,2,,,0,0,,,4912,0,0,
2026-09-27 18:27:45,2026-09-27 22:27:45,cohort,2026-09-07,2026-09-07,Mon,20,OK,3830,1228,1007,150,1751,701,0,3324,3748,1758,269,1171,1188,40,40,,,0,0,,,3830,0,0,
2026-09-27 18:27:45,2026-09-27 22:27:45,cohort,2026-09-06,2026-09-06,Sun,21,OK,1517,352,311,52,500,613,1,1355,1505,881,24,459,352,0,0,,,0,0,,,1517,0,0,
2026-09-27 18:27:45,2026-09-27 22:27:45,cohort,2026-09-05,2026-09-05,Sat,22,OK,3216,706,574,138,955,1417,0,2880,3147,2270,30,1353,706,0,0,,,0,0,,,3216,0,0,
2026-09-27 18:27:45,2026-09-27 22:27:45,cohort,2026-09-04,2026-09-04,Fri,23,OK,4717,1299,1122,235,2140,1043,5,4143,4532,2452,57,1690,1299,0,0,,,0,0,,,4717,0,0,
2026-09-27 18:27:45,2026-09-27 22:27:45,cohort,2026-09-03,2026-09-03,Thu,24,OK,6326,1982,1678,356,2297,1691,73,5501,6174,3399,109,2135,1982,0,0,,,0,0,,,6326,0,0,
2026-09-27 18:27:45,2026-09-27 22:27:45,cohort,2026-09-02,2026-09-02,Wed,25,OK,5901,2201,1897,289,1940,1471,0,5162,5767,2981,101,1847,2198,3,1,,,0,2,,,5901,0,0,
2026-09-27 18:27:45,2026-09-27 22:27:45,cohort,2026-09-01,2026-09-01,Tue,26,OK,5307,1899,1603,255,1820,1333,0,4753,5125,2720,139,1758,1898,1,1,,,0,0,,,5307,0,0,
2026-09-27 18:27:45,2026-09-27 22:27:45,cohort,2026-08-31,2026-08-31,Mon,27,OK,4325,1431,1221,245,1925,724,0,3765,4102,1798,60,1330,1431,0,0,,,0,0,,,4325,0,0,
2026-09-27 18:27:45,2026-09-27 22:27:45,cohort,2026-08-30,2026-08-30,Sun,28,OK,1448,348,290,38,453,609,1,1335,1442,971,24,505,348,0,0,,,0,0,,,1448,0,0,
2026-09-27 18:27:45,2026-09-27 22:27:45,cohort,2026-08-29,2026-08-29,Sat,29,OK,2533,729,613,60,891,853,2,2307,2516,1570,14,958,729,0,0,,,0,0,,,2533,0,0,
2026-09-27 18:27:45,2026-09-27 22:27:45,cohort,2026-08-28,2026-08-28,Fri,30,OK,4713,1394,1151,280,1583,1456,0,4122,4608,2929,23,1778,1394,0,0,,,0,0,,,4713,0,0,
2026-09-27 18:27:45,2026-09-27 22:27:45,cohort,2026-08-27,2026-08-27,Thu,31,OK,11235,3265,2744,348,1749,5873,0,10571,11111,9176,185,2222,3265,0,0,,,0,0,,,11235,0,0,
2026-09-27 18:27:45,2026-09-27 22:27:45,cohort,2026-08-26,2026-08-26,Wed,32,OK,6972,1977,1643,335,1895,2765,4,6267,6894,4615,28,2018,1977,0,0,,,0,0,,,6972,0,0,
2026-09-27 18:27:45,2026-09-27 22:27:45,ytd,2026-01-01:2026-09-25,2026-09-25,,,OK,1306927,591030,481832,100982,186803,428111,14501,1166862,1278013,830019,19810,417893,590462,568,535,,,,,,,1306926,1,,
2026-09-27 18:27:45,2026-09-27 22:27:45,alltime,1000-01-01:2026-09-25,2026-09-25,,,OK,41203403,33699389,6950650,293790,377423,6832702,67854,29530918,32271575,14841235,279463,7544556,23714362,9985027,9214,,,,,,,41203304,99,,
2026-09-28 15:53:05,2026-09-28 19:53:05,cohort,2026-09-26,2026-09-26,Sat,2,OK,9281,2091,2084,52,1330,5808,10,9029,8954,7686,27,1450,2091,0,0,252,0,0,0,0,252,9281,0,0,0
2026-09-28 15:53:05,2026-09-28 19:53:05,cohort,2026-09-25,2026-09-25,Fri,3,OK,5110,1189,1187,257,2437,1227,3,4369,4895,2489,82,1900,1189,0,0,741,1,0,0,0,740,5110,0,0,0
2026-09-28 15:53:05,2026-09-28 19:53:05,cohort,2026-09-24,2026-09-24,Thu,4,OK,7454,1535,1424,277,2378,3264,512,6789,7313,4947,169,2303,1535,0,0,665,4,0,0,3,658,7454,0,0,0
2026-09-28 15:53:05,2026-09-28 19:53:05,cohort,2026-09-23,2026-09-23,Wed,5,OK,5494,1184,1124,205,2605,1500,6,4793,5373,2930,113,1935,1184,0,0,701,0,0,0,0,701,5494,0,0,0
2026-09-28 15:53:05,2026-09-28 19:53:05,cohort,2026-09-22,2026-09-22,Tue,6,OK,5305,1257,1043,191,2517,1340,0,4674,4976,2569,101,1914,1256,1,1,631,1,0,0,1,629,5305,0,0,0
2026-09-28 15:53:05,2026-09-28 19:53:05,cohort,2026-09-21,2026-09-21,Mon,7,OK,3681,848,724,204,2203,426,0,3143,3515,1460,42,1277,848,0,0,538,0,0,0,0,538,3681,0,0,0
2026-09-28 15:53:05,2026-09-28 19:53:05,cohort,2026-09-20,2026-09-20,Sun,8,OK,1000,217,183,21,428,334,3,923,974,546,18,365,217,0,0,77,1,0,0,0,76,1000,0,0,0
2026-09-28 15:53:05,2026-09-28 19:53:05,cohort,2026-09-19,2026-09-19,Sat,9,OK,2837,683,554,41,1165,948,8,2575,2772,1680,55,1102,683,0,0,262,1,0,0,1,260,2837,0,0,0
2026-09-28 15:53:05,2026-09-28 19:53:05,cohort,2026-09-18,2026-09-18,Fri,10,OK,5705,1247,1052,239,2436,1783,0,4962,5558,3265,77,2290,1246,1,1,743,7,0,0,1,735,5705,0,0,0
2026-09-28 15:53:05,2026-09-28 19:53:05,cohort,2026-09-17,2026-09-17,Thu,11,OK,4784,991,818,188,2545,1060,0,4177,4646,2346,107,1555,990,1,1,607,3,0,0,1,603,4784,0,0,0
2026-09-28 15:53:05,2026-09-28 19:53:05,cohort,2026-09-16,2026-09-16,Wed,12,OK,5187,1314,1112,206,2653,1014,4,4523,5100,2711,73,1784,1314,0,0,664,2,0,0,1,661,5187,0,0,0
2026-09-28 15:53:05,2026-09-28 19:53:05,cohort,2026-09-15,2026-09-15,Tue,13,OK,8567,2410,2070,251,2207,3699,0,7925,8431,6267,80,2015,2410,0,0,642,14,0,0,1,627,8567,0,0,0
2026-09-28 15:53:05,2026-09-28 19:53:05,cohort,2026-09-14,2026-09-14,Mon,14,OK,3271,960,797,143,1507,661,0,2931,3122,1604,141,908,943,17,17,340,17,0,0,1,322,3271,0,0,0
2026-09-28 15:53:05,2026-09-28 19:53:05,cohort,2026-09-13,2026-09-13,Sun,15,OK,1118,295,239,20,467,336,3,1034,1094,736,35,400,288,7,7,84,7,0,0,0,77,1118,0,0,0
2026-09-28 15:53:05,2026-09-28 19:53:05,cohort,2026-09-12,2026-09-12,Sat,16,OK,3824,759,619,111,1561,1393,0,3455,3786,2407,36,1523,759,0,0,369,1,0,0,1,367,3824,0,0,0
2026-09-28 15:53:05,2026-09-28 19:53:05,cohort,2026-09-11,2026-09-11,Fri,17,OK,5329,1194,995,148,2137,1850,2,4806,5268,3236,63,2200,1194,0,0,523,0,0,0,3,520,5329,0,0,0
2026-09-28 15:53:05,2026-09-28 19:53:05,cohort,2026-09-10,2026-09-10,Thu,18,OK,5442,1320,1083,278,2315,1529,3,4725,5384,3035,52,2006,1319,1,1,717,2,0,0,9,706,5442,0,0,0
2026-09-28 15:53:05,2026-09-28 19:53:05,cohort,2026-09-09,2026-09-09,Wed,19,OK,5591,1420,1146,346,2419,1406,0,4739,5410,2813,42,1859,1419,1,0,852,6,0,1,0,846,5591,0,0,0
2026-09-28 15:53:05,2026-09-28 19:53:05,cohort,2026-09-08,2026-09-08,Tue,20,OK,4912,1365,1159,287,2095,1165,0,4347,4775,2729,63,1713,1363,2,2,565,2,0,0,0,563,4912,0,0,0
2026-09-28 15:53:05,2026-09-28 19:53:05,cohort,2026-09-07,2026-09-07,Mon,21,OK,3830,1235,1013,150,1744,701,0,3324,3748,1763,269,1170,1195,40,40,506,40,0,0,0,466,3830,0,0,0
2026-09-28 15:53:05,2026-09-28 19:53:05,cohort,2026-09-06,2026-09-06,Sun,22,OK,1517,357,316,52,495,613,1,1355,1506,883,24,459,357,0,0,162,1,0,0,1,160,1517,0,0,0
2026-09-28 15:53:05,2026-09-28 19:53:05,cohort,2026-09-05,2026-09-05,Sat,23,OK,3216,712,580,138,949,1417,0,2880,3147,2272,30,1353,712,0,0,336,0,0,0,0,336,3216,0,0,0
2026-09-28 15:53:05,2026-09-28 19:53:05,cohort,2026-09-04,2026-09-04,Fri,24,OK,4716,1308,1131,235,2130,1043,5,4143,4532,2453,57,1690,1308,0,0,573,0,0,0,1,572,4716,0,0,0
2026-09-28 15:53:05,2026-09-28 19:53:05,cohort,2026-09-03,2026-09-03,Thu,25,OK,6326,1989,1685,357,2289,1691,73,5501,6174,3401,109,2135,1989,0,0,825,2,0,0,18,805,6326,0,0,0
2026-09-28 15:53:05,2026-09-28 19:53:05,cohort,2026-09-02,2026-09-02,Wed,26,OK,5901,2211,1905,291,1927,1472,0,5162,5767,2986,101,1848,2208,3,1,739,1,0,2,14,724,5901,0,0,0
2026-09-28 15:53:05,2026-09-28 19:53:05,cohort,2026-09-01,2026-09-01,Tue,27,OK,5307,1901,1603,259,1814,1333,0,4753,5126,2725,139,1758,1900,1,1,554,6,0,0,0,548,5307,0,0,0
2026-09-28 15:53:05,2026-09-28 19:53:05,cohort,2026-08-31,2026-08-31,Mon,28,OK,4325,1434,1224,246,1921,724,0,3765,4106,1803,60,1330,1434,0,0,560,0,0,0,1,559,4325,0,0,0
2026-09-28 15:53:05,2026-09-28 19:53:05,cohort,2026-08-30,2026-08-30,Sun,29,OK,1448,352,294,38,449,609,1,1335,1442,972,24,505,352,0,0,113,0,0,0,0,113,1448,0,0,0
2026-09-28 15:53:05,2026-09-28 19:53:05,cohort,2026-08-29,2026-08-29,Sat,30,OK,2533,731,615,62,887,853,2,2307,2516,1571,14,958,731,0,0,226,0,0,0,1,225,2533,0,0,0
2026-09-28 15:53:05,2026-09-28 19:53:05,cohort,2026-08-28,2026-08-28,Fri,31,OK,4713,1397,1154,280,1580,1456,0,4122,4608,2936,23,1778,1397,0,0,591,0,0,0,0,591,4713,0,0,0
2026-09-28 15:53:05,2026-09-28 19:53:05,cohort,2026-08-27,2026-08-27,Thu,32,OK,11235,3269,2748,349,1744,5873,0,10571,11112,9177,185,2222,3269,0,0,664,10,0,0,19,635,11235,0,0,0
2026-09-28 15:53:05,2026-09-28 19:53:05,ytd,2026-01-01:2026-09-25,2026-09-25,,,OK,1306906,591795,482422,101034,185661,428415,14501,1166878,1278078,831982,19834,417907,591227,568,535,140028,793,,,,,1306905,1,,
2026-09-28 15:53:05,2026-09-28 19:53:05,ytd,2026-01-01:2026-09-26,2026-09-26,,,OK,1316187,593886,484506,101086,186991,434223,14511,1175907,1287032,839668,19861,419357,593318,568,535,140280,793,,,,,1316186,1,,
2026-09-28 15:53:05,2026-09-28 19:53:05,alltime,1000-01-01:2026-09-25,2026-09-25,,,OK,41203382,33700321,6951394,293842,376108,6833012,67854,29530937,32271647,14843277,279487,7544575,23715295,9985026,9214,11672445,12385,,,,,41203283,99,,
2026-09-28 15:53:05,2026-09-28 19:53:05,alltime,1000-01-01:2026-09-26,2026-09-26,,,OK,41212663,33702412,6953478,293894,377438,6838820,67864,29539966,32280601,14850963,279514,7546025,23717386,9985026,9214,11672697,12385,,,,,41212564,99,,
2026-09-29 09:06:14,2026-09-29 13:06:14,cohort,2026-09-27,2026-09-27,Sun,2,OK,1480,333,330,23,751,373,5,1394,1437,754,30,443,333,0,0,86,0,0,0,0,86,1480,0,0,0
2026-09-29 09:06:14,2026-09-29 13:06:14,cohort,2026-09-26,2026-09-26,Sat,3,OK,9281,2091,1970,53,1329,5808,10,9029,9267,8104,27,1450,2091,0,0,252,0,0,0,0,252,9281,0,0,0
2026-09-29 09:06:14,2026-09-29 13:06:14,cohort,2026-09-25,2026-09-25,Fri,4,OK,5110,1190,1151,265,2427,1228,3,4369,4916,2620,82,1900,1190,0,0,741,1,0,0,0,740,5110,0,0,0
2026-09-29 09:06:14,2026-09-29 13:06:14,cohort,2026-09-24,2026-09-24,Thu,5,OK,7454,1537,1403,280,2377,3260,512,6789,7318,4982,169,2305,1537,0,0,665,4,0,0,3,658,7454,0,0,0
2026-09-29 09:06:14,2026-09-29 13:06:14,cohort,2026-09-23,2026-09-23,Wed,6,OK,5494,1188,1108,207,2599,1500,6,4793,5373,2933,113,1935,1188,0,0,701,0,0,0,0,701,5494,0,0,0
2026-09-29 09:06:14,2026-09-29 13:06:14,cohort,2026-09-22,2026-09-22,Tue,7,OK,5305,1265,1051,196,2500,1344,0,4674,4976,2572,101,1914,1264,1,1,631,1,0,0,1,629,5305,0,0,0
2026-09-29 09:06:14,2026-09-29 13:06:14,cohort,2026-09-21,2026-09-21,Mon,8,OK,3681,871,725,205,2177,428,0,3143,3515,1460,42,1277,871,0,0,538,0,0,0,0,538,3681,0,0,0
2026-09-29 09:06:14,2026-09-29 13:06:14,cohort,2026-09-20,2026-09-20,Sun,9,OK,1000,218,184,22,424,336,3,923,974,546,18,365,218,0,0,77,1,0,0,0,76,1000,0,0,0
2026-09-29 09:06:14,2026-09-29 13:06:14,cohort,2026-09-19,2026-09-19,Sat,10,OK,2837,694,564,44,1151,948,8,2574,2772,1681,55,1102,694,0,0,263,1,0,0,1,261,2837,0,0,0
2026-09-29 09:06:14,2026-09-29 13:06:14,cohort,2026-09-18,2026-09-18,Fri,11,OK,5705,1269,1073,244,2407,1785,0,4963,5575,3284,77,2289,1268,1,1,742,7,0,0,1,734,5705,0,0,0
2026-09-29 09:06:14,2026-09-29 13:06:14,cohort,2026-09-17,2026-09-17,Thu,12,OK,4784,1016,842,190,2517,1061,0,4177,4646,2346,107,1554,1015,1,1,607,3,0,0,1,603,4784,0,0,0
2026-09-29 09:06:14,2026-09-29 13:06:14,cohort,2026-09-16,2026-09-16,Wed,13,OK,5187,1334,1128,210,2628,1015,4,4523,5100,2713,73,1783,1334,0,0,664,2,0,0,1,661,5187,0,0,0
2026-09-29 09:06:14,2026-09-29 13:06:14,cohort,2026-09-15,2026-09-15,Tue,14,OK,8567,2429,2089,255,2183,3700,0,7925,8431,6267,80,2015,2429,0,0,642,14,0,0,1,627,8567,0,0,0
2026-09-29 09:06:14,2026-09-29 13:06:14,cohort,2026-09-14,2026-09-14,Mon,15,OK,3275,975,812,144,1495,661,0,2935,3126,1608,141,908,958,17,17,340,17,0,0,1,322,3275,0,0,0
2026-09-29 09:06:14,2026-09-29 13:06:14,cohort,2026-09-13,2026-09-13,Sun,16,OK,1122,298,242,20,468,336,3,1038,1098,740,35,400,291,7,7,84,7,0,0,0,77,1122,0,0,0
2026-09-29 09:06:14,2026-09-29 13:06:14,cohort,2026-09-12,2026-09-12,Sat,17,OK,3824,774,634,112,1545,1393,0,3456,3785,2408,36,1523,774,0,0,368,1,0,0,1,366,3824,0,0,0
2026-09-29 09:06:14,2026-09-29 13:06:14,cohort,2026-09-11,2026-09-11,Fri,18,OK,5329,1215,1016,150,2112,1852,2,4806,5268,3236,63,2200,1215,0,0,523,0,0,0,3,520,5329,0,0,0
2026-09-29 09:06:14,2026-09-29 13:06:14,cohort,2026-09-10,2026-09-10,Thu,19,OK,5442,1336,1098,282,2294,1530,3,4725,5384,3034,52,2005,1335,1,1,717,2,0,0,9,706,5442,0,0,0
2026-09-29 09:06:14,2026-09-29 13:06:14,cohort,2026-09-09,2026-09-09,Wed,20,OK,5591,1436,1161,350,2398,1407,0,4739,5410,2814,42,1859,1435,1,0,852,6,0,1,0,846,5591,0,0,0
2026-09-29 09:06:14,2026-09-29 13:06:14,cohort,2026-09-08,2026-09-08,Tue,21,OK,4918,1375,1166,289,2089,1165,0,4353,4781,2736,63,1713,1373,2,2,565,2,0,0,0,563,4918,0,0,0
2026-09-29 09:06:14,2026-09-29 13:06:14,cohort,2026-09-07,2026-09-07,Mon,22,OK,3830,1249,1026,154,1724,703,0,3324,3759,1773,269,1171,1209,40,40,506,40,0,0,0,466,3830,0,0,0
2026-09-29 09:06:14,2026-09-29 13:06:14,cohort,2026-09-06,2026-09-06,Sun,23,OK,1517,363,322,54,487,613,1,1355,1506,883,24,459,363,0,0,162,1,0,0,1,160,1517,0,0,0
2026-09-29 09:06:14,2026-09-29 13:06:14,cohort,2026-09-05,2026-09-05,Sat,24,OK,3216,727,595,141,931,1417,0,2880,3147,2272,30,1353,727,0,0,336,0,0,0,0,336,3216,0,0,0
2026-09-29 09:06:14,2026-09-29 13:06:14,cohort,2026-09-04,2026-09-04,Fri,25,OK,4716,1320,1142,241,2111,1044,5,4143,4532,2453,57,1690,1320,0,0,573,0,0,0,1,572,4716,0,0,0
2026-09-29 09:06:14,2026-09-29 13:06:14,cohort,2026-09-03,2026-09-03,Thu,26,OK,6326,2018,1713,362,2255,1691,73,5501,6171,3404,109,2137,2018,0,0,825,2,0,0,18,805,6326,0,0,0
2026-09-29 09:06:14,2026-09-29 13:06:14,cohort,2026-09-02,2026-09-02,Wed,27,OK,5901,2221,1914,292,1916,1472,0,5162,5765,2987,101,1848,2218,3,1,739,1,0,2,14,724,5901,0,0,0
2026-09-29 09:06:14,2026-09-29 13:06:14,cohort,2026-09-01,2026-09-01,Tue,28,OK,5307,1908,1607,265,1800,1334,0,4753,5123,2725,139,1758,1907,1,1,554,6,0,0,0,548,5307,0,0,0
2026-09-29 09:06:14,2026-09-29 13:06:14,cohort,2026-08-31,2026-08-31,Mon,29,OK,4325,1441,1228,247,1913,724,0,3765,4106,1804,60,1330,1441,0,0,560,0,0,0,1,559,4325,0,0,0
2026-09-29 09:06:14,2026-09-29 13:06:14,cohort,2026-08-30,2026-08-30,Sun,30,OK,1450,355,297,38,448,609,1,1337,1443,974,24,505,355,0,0,113,0,0,0,0,113,1450,0,0,0
2026-09-29 09:06:14,2026-09-29 13:06:14,cohort,2026-08-29,2026-08-29,Sat,31,OK,2533,741,625,67,871,854,2,2307,2514,1571,14,958,741,0,0,226,0,0,0,1,225,2533,0,0,0
2026-09-29 09:06:14,2026-09-29 13:06:14,cohort,2026-08-28,2026-08-28,Fri,32,OK,4713,1410,1166,286,1560,1457,0,4122,4608,2936,23,1778,1410,0,0,591,0,0,0,0,591,4713,0,0,0
2026-09-29 09:06:14,2026-09-29 13:06:14,ytd,2026-01-01:2026-09-26,2026-09-26,,,OK,1316205,595547,485757,101327,185231,434099,14511,1175919,1287405,840440,19861,419361,594979,568,535,140286,793,,,,,1316204,1,,
2026-09-29 09:06:14,2026-09-29 13:06:14,ytd,2026-01-01:2026-09-27,2026-09-27,,,OK,1317685,595880,486087,101350,185982,434472,14516,1177313,1288842,841194,19891,419804,595312,568,535,140372,793,,,,,1317684,1,,
2026-09-29 09:06:14,2026-09-29 13:06:14,alltime,1000-01-01:2026-09-26,2026-09-26,,,OK,41212665,33704253,6954897,294219,375495,6838599,67864,29539959,32280843,14846628,279513,7545960,23719226,9985027,9214,11672706,12385,,,,,41212566,99,,
2026-09-29 09:06:14,2026-09-29 13:06:14,alltime,1000-01-01:2026-09-27,2026-09-27,,,OK,41214145,33704586,6955227,294242,376246,6838972,67869,29541353,32282280,14847382,279543,7546403,23719559,9985027,9214,11672792,12385,,,,,41214046,99,,
2026-09-30 09:07:21,2026-09-30 13:07:21,cohort,2026-09-28,2026-09-28,Mon,2,OK,3973,1061,975,261,2363,288,0,3366,3290,709,78,1407,1061,0,0,607,0,0,0,0,607,3973,0,0,0
2026-09-30 09:07:21,2026-09-30 13:07:21,cohort,2026-09-27,2026-09-27,Sun,3,OK,1480,333,324,23,751,373,5,1394,1437,754,30,443,333,0,0,86,0,0,0,0,86,1480,0,0,0
2026-09-30 09:07:21,2026-09-30 13:07:21,cohort,2026-09-26,2026-09-26,Sat,4,OK,9281,2092,1963,53,1328,5808,10,9029,9267,8104,27,1450,2092,0,0,252,0,0,0,0,252,9281,0,0,0
2026-09-30 09:07:21,2026-09-30 13:07:21,cohort,2026-09-25,2026-09-25,Fri,5,OK,5109,1192,1079,264,2423,1230,3,4369,4915,2620,82,1900,1192,0,0,740,1,0,0,0,739,5109,0,0,0
2026-09-30 09:07:21,2026-09-30 13:07:21,cohort,2026-09-24,2026-09-24,Thu,6,OK,7450,1549,1296,274,2364,3263,512,6789,7314,4982,169,2306,1545,4,0,661,4,0,4,3,654,7450,0,0,0
2026-09-30 09:07:21,2026-09-30 13:07:21,cohort,2026-09-23,2026-09-23,Wed,7,OK,5494,1195,1071,213,2583,1503,6,4793,5373,2933,113,1935,1195,0,0,701,0,0,0,0,701,5494,0,0,0
2026-09-30 09:07:21,2026-09-30 13:07:21,cohort,2026-09-22,2026-09-22,Tue,8,OK,5305,1276,1060,197,2481,1351,0,4674,4976,2572,101,1914,1275,1,1,631,1,0,0,1,629,5305,0,0,0
2026-09-30 09:07:21,2026-09-30 13:07:21,cohort,2026-09-21,2026-09-21,Mon,9,OK,3680,884,736,205,2162,429,0,3143,3514,1460,42,1277,884,0,0,537,0,0,0,0,537,3680,0,0,0
2026-09-30 09:07:21,2026-09-30 13:07:21,cohort,2026-09-20,2026-09-20,Sun,10,OK,1000,220,186,23,421,336,3,923,974,546,18,366,220,0,0,77,1,0,0,0,76,1000,0,0,0
2026-09-30 09:07:21,2026-09-30 13:07:21,cohort,2026-09-19,2026-09-19,Sat,11,OK,2836,703,572,43,1141,949,8,2574,2771,1681,55,1102,703,0,0,262,1,0,0,1,260,2836,0,0,0
2026-09-30 09:07:21,2026-09-30 13:07:21,cohort,2026-09-18,2026-09-18,Fri,12,OK,5704,1295,1094,247,2376,1786,0,4963,5574,3283,77,2288,1294,1,1,741,7,0,0,1,733,5704,0,0,0
2026-09-30 09:07:21,2026-09-30 13:07:21,cohort,2026-09-17,2026-09-17,Thu,13,OK,4780,1037,860,191,2485,1067,0,4177,4643,2345,107,1554,1036,1,1,603,3,0,0,1,599,4780,0,0,0
2026-09-30 09:07:21,2026-09-30 13:07:21,cohort,2026-09-16,2026-09-16,Wed,14,OK,5186,1363,1153,216,2583,1024,4,4524,5099,2713,73,1783,1363,0,0,662,2,0,0,1,659,5186,0,0,0
2026-09-30 09:07:21,2026-09-30 13:07:21,cohort,2026-09-15,2026-09-15,Tue,15,OK,8565,2474,2099,255,2132,3704,0,7925,8429,6267,80,2015,2461,13,13,640,14,0,0,1,625,8565,0,0,0
2026-09-30 09:07:21,2026-09-30 13:07:21,cohort,2026-09-14,2026-09-14,Mon,16,OK,3275,994,828,144,1461,676,0,2935,3126,1608,141,907,977,17,17,340,17,0,0,1,322,3275,0,0,0
2026-09-30 09:07:21,2026-09-30 13:07:21,cohort,2026-09-13,2026-09-13,Sun,17,OK,1122,306,249,20,458,338,3,1038,1098,740,35,400,299,7,7,84,7,0,0,0,77,1122,0,0,0
2026-09-30 09:07:21,2026-09-30 13:07:21,cohort,2026-09-12,2026-09-12,Sat,18,OK,3824,792,649,112,1524,1396,0,3456,3785,2408,36,1523,792,0,0,368,1,0,0,1,366,3824,0,0,0
2026-09-30 09:07:21,2026-09-30 13:07:21,cohort,2026-09-11,2026-09-11,Fri,19,OK,5328,1242,1038,152,2079,1855,2,4806,5267,3235,63,2199,1242,0,0,522,0,0,0,3,519,5328,0,0,0
2026-09-30 09:07:21,2026-09-30 13:07:21,cohort,2026-09-10,2026-09-10,Thu,20,OK,5441,1364,1125,286,2257,1534,3,4725,5383,3034,52,2005,1363,1,1,716,2,0,0,9,705,5441,0,0,0
2026-09-30 09:07:21,2026-09-30 13:07:21,cohort,2026-09-09,2026-09-09,Wed,21,OK,5590,1466,1184,354,2353,1417,0,4739,5409,2814,43,1859,1465,1,0,851,6,0,1,0,845,5590,0,0,0
2026-09-30 09:07:21,2026-09-30 13:07:21,cohort,2026-09-08,2026-09-08,Tue,22,OK,4918,1401,1190,290,2055,1172,0,4353,4781,2736,63,1713,1399,2,2,565,2,0,0,0,563,4918,0,0,0
2026-09-30 09:07:21,2026-09-30 13:07:21,cohort,2026-09-07,2026-09-07,Mon,23,OK,3830,1276,1052,159,1687,708,0,3324,3759,1773,269,1170,1236,40,40,506,40,0,0,0,466,3830,0,0,0
2026-09-30 09:07:21,2026-09-30 13:07:21,cohort,2026-09-06,2026-09-06,Sun,24,OK,1517,374,332,57,472,614,1,1355,1506,883,24,459,374,0,0,162,1,0,0,1,160,1517,0,0,0
2026-09-30 09:07:21,2026-09-30 13:07:21,cohort,2026-09-05,2026-09-05,Sat,25,OK,3216,752,618,142,904,1418,0,2880,3147,2272,30,1353,752,0,0,336,0,0,0,0,336,3216,0,0,0
2026-09-30 09:07:21,2026-09-30 13:07:21,cohort,2026-09-04,2026-09-04,Fri,26,OK,4714,1344,1164,242,2080,1048,5,4143,4530,2453,57,1690,1344,0,0,571,0,0,0,1,570,4714,0,0,0
2026-09-30 09:07:21,2026-09-30 13:07:21,cohort,2026-09-03,2026-09-03,Thu,27,OK,6326,2058,1749,365,2201,1702,73,5501,6171,3404,109,2137,2058,0,0,825,2,0,0,18,805,6326,0,0,0
2026-09-30 09:07:21,2026-09-30 13:07:21,cohort,2026-09-02,2026-09-02,Wed,28,OK,5901,2241,1934,294,1888,1478,0,5162,5765,2987,101,1848,2238,3,1,739,1,0,2,14,724,5901,0,0,0
2026-09-30 09:07:21,2026-09-30 13:07:21,cohort,2026-09-01,2026-09-01,Tue,29,OK,5307,1946,1642,265,1753,1343,0,4753,5123,2725,139,1757,1945,1,1,554,6,0,0,0,548,5307,0,0,0
2026-09-30 09:07:21,2026-09-30 13:07:21,cohort,2026-08-31,2026-08-31,Mon,30,OK,4325,1476,1258,249,1874,726,0,3765,4106,1804,60,1330,1476,0,0,560,0,0,0,1,559,4325,0,0,0
2026-09-30 09:07:21,2026-09-30 13:07:21,cohort,2026-08-30,2026-08-30,Sun,31,OK,1450,365,305,39,437,609,1,1337,1443,974,24,505,365,0,0,113,0,0,0,0,113,1450,0,0,0
2026-09-30 09:07:21,2026-09-30 13:07:21,cohort,2026-08-29,2026-08-29,Sat,32,OK,2533,758,639,67,854,854,2,2307,2514,1571,14,958,758,0,0,226,0,0,0,1,225,2533,0,0,0
2026-09-30 09:07:21,2026-09-30 13:07:21,ytd,2026-01-01:2026-09-27,2026-09-27,,,OK,1317659,597896,487350,101601,183193,434968,14516,1177324,1288816,841187,19913,419795,597311,585,548,140335,793,,,,,1317658,1,,
2026-09-30 09:07:21,2026-09-30 13:07:21,ytd,2026-01-01:2026-09-28,2026-09-28,,,OK,1321632,598957,488325,101862,185556,435256,14516,1180690,1292106,841896,19991,421202,598372,585,548,140942,793,,,,,1321631,1,,
2026-09-30 09:07:21,2026-09-30 13:07:21,alltime,1000-01-01:2026-09-27,2026-09-27,,,OK,41214120,33706660,6956505,294416,373356,6839589,67869,29541370,32282253,14847374,279565,7546409,23721615,9985045,9227,11672750,12385,,,,,41214021,99,,
2026-09-30 09:07:21,2026-09-30 13:07:21,alltime,1000-01-01:2026-09-28,2026-09-28,,,OK,41218093,33707721,6957480,294677,375719,6839877,67869,29544736,32285543,14848083,279643,7547816,23722676,9985045,9227,11673357,12385,,,,,41217994,99,,
2026-10-01 09:05:33,2026-10-01 13:05:33,cohort,2026-09-29,2026-09-29,Tue,2,OK,4956,1218,1098,250,2488,1000,0,4236,1422,1091,69,1778,1218,0,0,720,3,0,0,0,717,4956,0,0,0
2026-10-01 09:05:33,2026-10-01 13:05:33,cohort,2026-09-28,2026-09-28,Mon,3,OK,3973,1069,957,266,2348,290,0,3366,3466,930,78,1407,1069,0,0,607,0,0,0,0,607,3973,0,0,0
2026-10-01 09:05:33,2026-10-01 13:05:33,cohort,2026-09-27,2026-09-27,Sun,4,OK,1480,334,316,23,750,373,5,1394,1441,816,30,443,334,0,0,86,0,0,0,0,86,1480,0,0,0
2026-10-01 09:05:33,2026-10-01 13:05:33,cohort,2026-09-26,2026-09-26,Sat,5,OK,9281,2094,1864,53,1326,5808,10,9029,9267,8104,27,1450,2094,0,0,252,0,0,0,0,252,9281,0,0,0
2026-10-01 09:05:33,2026-10-01 13:05:33,cohort,2026-09-25,2026-09-25,Fri,6,OK,5109,1201,1010,265,2412,1231,3,4369,4915,2623,82,1900,1201,0,0,740,1,0,0,0,739,5109,0,0,0
2026-10-01 09:05:33,2026-10-01 13:05:33,cohort,2026-09-24,2026-09-24,Thu,7,OK,7450,1554,1289,278,2353,3265,512,6789,7323,4998,169,2306,1550,4,0,661,4,0,4,3,654,7450,0,0,0
2026-10-01 09:05:33,2026-10-01 13:05:33,cohort,2026-09-23,2026-09-23,Wed,8,OK,5494,1222,1097,215,2549,1508,6,4793,5375,2935,113,1935,1222,0,0,701,0,0,0,0,701,5494,0,0,0
2026-10-01 09:05:33,2026-10-01 13:05:33,cohort,2026-09-22,2026-09-22,Tue,9,OK,5305,1285,1067,200,2464,1356,0,4674,4976,2573,101,1913,1284,1,1,631,1,0,0,1,629,5305,0,0,0
2026-10-01 09:05:33,2026-10-01 13:05:33,cohort,2026-09-21,2026-09-21,Mon,10,OK,3680,894,744,206,2149,431,0,3143,3514,1461,43,1277,894,0,0,537,0,0,0,0,537,3680,0,0,0
2026-10-01 09:05:33,2026-10-01 13:05:33,cohort,2026-09-20,2026-09-20,Sun,11,OK,1000,223,189,24,417,336,3,923,974,546,18,366,223,0,0,77,1,0,0,0,76,1000,0,0,0
2026-10-01 09:05:33,2026-10-01 13:05:33,cohort,2026-09-19,2026-09-19,Sat,12,OK,2836,710,579,45,1132,949,8,2574,2771,1681,55,1102,710,0,0,262,1,0,0,1,260,2836,0,0,0
2026-10-01 09:05:33,2026-10-01 13:05:33,cohort,2026-09-18,2026-09-18,Fri,13,OK,5704,1320,1118,253,2342,1789,0,4963,5574,3283,77,2286,1319,1,1,741,7,0,0,1,733,5704,0,0,0
2026-10-01 09:05:33,2026-10-01 13:05:33,cohort,2026-09-17,2026-09-17,Thu,14,OK,4780,1048,857,196,2463,1073,0,4177,4643,2346,107,1553,1047,1,1,603,3,0,0,1,599,4780,0,0,0
2026-10-01 09:05:33,2026-10-01 13:05:33,cohort,2026-09-16,2026-09-16,Wed,15,OK,5186,1388,1150,218,2553,1027,4,4524,5099,2713,73,1782,1388,0,0,662,2,0,0,1,659,5186,0,0,0
2026-10-01 09:05:33,2026-10-01 13:05:33,cohort,2026-09-15,2026-09-15,Tue,16,OK,8565,2514,2139,258,2082,3711,0,7924,8429,6267,80,2014,2501,13,13,641,14,0,0,1,626,8565,0,0,0
2026-10-01 09:05:33,2026-10-01 13:05:33,cohort,2026-09-14,2026-09-14,Mon,17,OK,3276,1007,840,147,1441,681,0,2936,3127,1609,141,907,990,17,17,340,17,0,0,1,322,3276,0,0,0
2026-10-01 09:05:33,2026-10-01 13:05:33,cohort,2026-09-13,2026-09-13,Sun,18,OK,1122,319,261,24,441,338,3,1038,1098,740,35,400,312,7,7,84,7,0,0,0,77,1122,0,0,0
2026-10-01 09:05:33,2026-10-01 13:05:33,cohort,2026-09-12,2026-09-12,Sat,19,OK,3824,810,667,113,1505,1396,0,3456,3785,2408,36,1522,810,0,0,368,1,0,0,1,366,3824,0,0,0
2026-10-01 09:05:33,2026-10-01 13:05:33,cohort,2026-09-11,2026-09-11,Fri,20,OK,5328,1262,1053,158,2039,1869,2,4806,5266,3235,63,2199,1262,0,0,522,0,0,0,3,519,5328,0,0,0
2026-10-01 09:05:33,2026-10-01 13:05:33,cohort,2026-09-10,2026-09-10,Thu,21,OK,5441,1389,1149,289,2224,1539,3,4725,5384,3036,52,2005,1388,1,1,716,2,0,0,9,705,5441,0,0,0
2026-10-01 09:05:33,2026-10-01 13:05:33,cohort,2026-09-09,2026-09-09,Wed,22,OK,5591,1499,1215,356,2317,1419,0,4740,5411,2817,43,1860,1498,1,0,851,6,0,1,0,845,5591,0,0,0
2026-10-01 09:05:33,2026-10-01 13:05:33,cohort,2026-09-08,2026-09-08,Tue,23,OK,4918,1418,1204,293,2033,1174,0,4353,4781,2736,63,1713,1416,2,2,565,2,0,0,0,563,4918,0,0,0
2026-10-01 09:05:33,2026-10-01 13:05:33,cohort,2026-09-07,2026-09-07,Mon,24,OK,3830,1291,1061,162,1668,709,0,3324,3759,1773,269,1172,1251,40,40,506,40,0,0,0,466,3830,0,0,0
2026-10-01 09:05:33,2026-10-01 13:05:33,cohort,2026-09-06,2026-09-06,Sun,25,OK,1517,383,341,57,463,614,1,1355,1506,883,24,459,383,0,0,162,1,0,0,1,160,1517,0,0,0
2026-10-01 09:05:33,2026-10-01 13:05:33,cohort,2026-09-05,2026-09-05,Sat,26,OK,3216,761,623,142,895,1418,0,2880,3147,2272,30,1353,761,0,0,336,0,0,0,0,336,3216,0,0,0
2026-10-01 09:05:33,2026-10-01 13:05:33,cohort,2026-09-04,2026-09-04,Fri,27,OK,4714,1357,1171,246,2057,1054,5,4143,4532,2456,57,1690,1357,0,0,571,0,0,0,1,570,4714,0,0,0
2026-10-01 09:05:33,2026-10-01 13:05:33,cohort,2026-09-03,2026-09-03,Thu,28,OK,6328,2088,1773,368,2162,1710,73,5502,6173,3406,109,2137,2088,0,0,826,2,0,0,18,806,6328,0,0,0
2026-10-01 09:05:33,2026-10-01 13:05:33,cohort,2026-09-02,2026-09-02,Wed,29,OK,5901,2274,1965,299,1847,1481,0,5162,5767,2989,101,1848,2271,3,1,739,1,0,2,14,724,5901,0,0,0
2026-10-01 09:05:33,2026-10-01 13:05:33,cohort,2026-09-01,2026-09-01,Tue,30,OK,5307,1976,1667,270,1706,1355,0,4753,5125,2727,139,1756,1975,1,1,554,6,0,0,0,548,5307,0,0,0
2026-10-01 09:05:33,2026-10-01 13:05:33,cohort,2026-08-31,2026-08-31,Mon,31,OK,4325,1493,1273,255,1851,726,0,3765,4106,1804,60,1330,1493,0,0,560,0,0,0,1,559,4325,0,0,0
2026-10-01 09:05:33,2026-10-01 13:05:33,cohort,2026-08-30,2026-08-30,Sun,32,OK,1450,370,309,39,432,609,1,1338,1443,974,24,506,370,0,0,112,0,0,0,0,112,1450,0,0,0
2026-10-01 09:05:33,2026-10-01 13:05:33,ytd,2026-01-01:2026-09-28,2026-09-28,,,OK,1321638,600898,489500,102345,182997,435397,14516,1180661,1292338,842421,19992,421203,600313,585,548,140977,792,,,,,1321637,1,,
2026-10-01 09:05:33,2026-10-01 13:05:33,ytd,2026-01-01:2026-09-29,2026-09-29,,,OK,1326594,602116,490598,102595,185485,436397,14516,1184897,1293760,843512,20061,422981,601531,585,548,141697,795,,,,,1326593,1,,
2026-10-01 09:05:33,2026-10-01 13:05:33,alltime,1000-01-01:2026-09-28,2026-09-28,,,OK,41218093,33709746,6958656,295168,373056,6840024,67869,29544700,32285773,14848662,279645,7547815,23724701,9985045,9227,11673393,12384,,,,,41217994,99,,
2026-10-01 09:05:33,2026-10-01 13:05:33,alltime,1000-01-01:2026-09-29,2026-09-29,,,OK,41223049,33710964,6959754,295418,375544,6841024,67869,29548936,32287195,14849753,279714,7549593,23725919,9985045,9227,11674113,12387,,,,,41222950,99,,
2026-10-02 09:03:54,2026-10-02 13:03:54,cohort,2026-09-30,2026-09-30,Wed,2,OK,5469,1496,1391,217,2785,971,29,4811,1391,1060,140,1975,1492,4,4,658,8,0,0,0,650,5469,0,0,0
2026-10-02 09:03:54,2026-10-02 13:03:54,cohort,2026-09-29,2026-09-29,Tue,3,OK,4956,1218,1017,250,2488,1000,0,4235,1673,1393,86,1789,1217,1,1,721,4,0,0,0,717,4956,0,0,0
2026-10-02 09:03:54,2026-10-02 13:03:54,cohort,2026-09-28,2026-09-28,Mon,4,OK,3973,1069,926,267,2345,292,0,3367,3490,1034,84,1407,1069,0,0,606,0,0,0,2,604,3973,0,0,0
2026-10-02 09:03:54,2026-10-02 13:03:54,cohort,2026-09-27,2026-09-27,Sun,5,OK,1480,333,299,23,750,374,5,1394,1441,816,30,443,333,0,0,86,0,0,0,0,86,1480,0,0,0
2026-10-02 09:03:54,2026-10-02 13:03:54,cohort,2026-09-26,2026-09-26,Sat,6,OK,9281,2097,1850,53,1319,5812,10,9029,9267,8106,27,1450,2097,0,0,252,0,0,0,0,252,9281,0,0,0
2026-10-02 09:03:54,2026-10-02 13:03:54,cohort,2026-09-25,2026-09-25,Fri,7,OK,5109,1212,994,269,2396,1232,3,4370,4915,2627,82,1900,1212,0,0,739,1,0,0,0,738,5109,0,0,0
2026-10-02 09:03:54,2026-10-02 13:03:54,cohort,2026-09-24,2026-09-24,Thu,8,OK,7450,1566,1285,281,2346,3257,512,6790,7325,5003,169,2308,1562,4,0,660,4,0,4,3,653,7450,0,0,0
2026-10-02 09:03:54,2026-10-02 13:03:54,cohort,2026-09-23,2026-09-23,Wed,9,OK,5494,1231,1052,217,2533,1513,6,4793,5375,2937,113,1935,1231,0,0,701,0,0,0,0,701,5494,0,0,0
2026-10-02 09:03:54,2026-10-02 13:03:54,cohort,2026-09-22,2026-09-22,Tue,10,OK,5305,1308,1089,209,2430,1358,0,4674,4976,2573,101,1913,1307,1,1,631,1,0,0,1,629,5305,0,0,0
2026-10-02 09:03:54,2026-10-02 13:03:54,cohort,2026-09-21,2026-09-21,Mon,11,OK,3680,922,749,209,2114,435,0,3143,3514,1462,43,1277,922,0,0,537,0,0,0,0,537,3680,0,0,0
2026-10-02 09:03:54,2026-10-02 13:03:54,cohort,2026-09-20,2026-09-20,Sun,12,OK,1000,224,189,24,416,336,3,923,974,546,18,366,224,0,0,77,1,0,0,0,76,1000,0,0,0
2026-10-02 09:03:54,2026-10-02 13:03:54,cohort,2026-09-19,2026-09-19,Sat,13,OK,2838,726,596,45,1117,950,8,2576,2771,1681,55,1102,726,0,0,262,1,0,0,2,259,2838,0,0,0
2026-10-02 09:03:54,2026-10-02 13:03:54,cohort,2026-09-18,2026-09-18,Fri,14,OK,5704,1341,1132,255,2318,1790,0,4964,5576,3290,77,2287,1340,1,1,740,7,0,0,1,732,5704,0,0,0
2026-10-02 09:03:54,2026-10-02 13:03:54,cohort,2026-09-17,2026-09-17,Thu,15,OK,4780,1077,878,198,2431,1074,0,4177,4643,2347,107,1554,1076,1,1,603,3,0,0,1,599,4780,0,0,0
2026-10-02 09:03:54,2026-10-02 13:03:54,cohort,2026-09-16,2026-09-16,Wed,16,OK,5187,1415,1171,221,2518,1033,4,4525,5099,2714,73,1782,1415,0,0,662,2,0,0,1,659,5187,0,0,0
2026-10-02 09:03:54,2026-10-02 13:03:54,cohort,2026-09-15,2026-09-15,Tue,17,OK,8565,2542,2161,261,2042,3720,0,7924,8429,6267,80,2013,2529,13,13,641,14,0,0,1,626,8565,0,0,0
2026-10-02 09:03:54,2026-10-02 13:03:54,cohort,2026-09-14,2026-09-14,Mon,18,OK,3277,1019,850,148,1414,696,0,2937,3128,1609,141,907,1002,17,17,340,17,0,0,1,322,3277,0,0,0
2026-10-02 09:03:54,2026-10-02 13:03:54,cohort,2026-09-13,2026-09-13,Sun,19,OK,1122,324,264,25,435,338,3,1038,1098,740,35,400,317,7,7,84,7,0,0,0,77,1122,0,0,0
2026-10-02 09:03:54,2026-10-02 13:03:54,cohort,2026-09-12,2026-09-12,Sat,20,OK,3825,819,671,114,1495,1397,0,3457,3785,2410,36,1521,819,0,0,368,1,0,0,1,366,3825,0,0,0
2026-10-02 09:03:54,2026-10-02 13:03:54,cohort,2026-09-11,2026-09-11,Fri,21,OK,5328,1290,1078,162,1993,1883,2,4806,5266,3237,63,2199,1290,0,0,522,0,0,0,4,518,5328,0,0,0
2026-10-02 09:03:54,2026-10-02 13:03:54,cohort,2026-09-10,2026-09-10,Thu,22,OK,5441,1420,1175,293,2171,1557,3,4725,5384,3037,52,2005,1419,1,1,716,2,0,0,9,705,5441,0,0,0
2026-10-02 09:03:54,2026-10-02 13:03:54,cohort,2026-09-09,2026-09-09,Wed,23,OK,5591,1525,1237,362,2263,1441,0,4740,5411,2817,43,1860,1524,1,0,851,6,0,1,0,845,5591,0,0,0
2026-10-02 09:03:54,2026-10-02 13:03:54,cohort,2026-09-08,2026-09-08,Tue,24,OK,4918,1439,1221,297,1985,1197,0,4353,4781,2736,63,1713,1437,2,2,565,2,0,0,0,563,4918,0,0,0
2026-10-02 09:03:54,2026-10-02 13:03:54,cohort,2026-09-07,2026-09-07,Mon,25,OK,3830,1314,1082,166,1634,716,0,3324,3759,1776,269,1172,1274,40,40,506,40,0,0,0,466,3830,0,0,0
2026-10-02 09:03:54,2026-10-02 13:03:54,cohort,2026-09-06,2026-09-06,Sun,26,OK,1517,388,344,61,452,616,1,1355,1506,884,24,459,388,0,0,162,1,0,0,1,160,1517,0,0,0
2026-10-02 09:03:54,2026-10-02 13:03:54,cohort,2026-09-05,2026-09-05,Sat,27,OK,3216,773,631,144,879,1420,0,2880,3147,2273,30,1353,773,0,0,336,0,0,0,0,336,3216,0,0,0
2026-10-02 09:03:54,2026-10-02 13:03:54,cohort,2026-09-04,2026-09-04,Fri,28,OK,4714,1386,1200,254,1998,1076,5,4142,4532,2463,57,1691,1386,0,0,572,0,0,0,1,571,4714,0,0,0
2026-10-02 09:03:54,2026-10-02 13:03:54,cohort,2026-09-03,2026-09-03,Thu,29,OK,6328,2108,1785,375,2114,1731,73,5502,6173,3407,109,2137,2108,0,0,826,2,0,0,18,806,6328,0,0,0
2026-10-02 09:03:54,2026-10-02 13:03:54,cohort,2026-09-02,2026-09-02,Wed,30,OK,5900,2291,1977,302,1812,1495,0,5162,5766,2991,101,1848,2288,3,1,738,1,0,2,14,723,5900,0,0,0
2026-10-02 09:03:54,2026-10-02 13:03:54,cohort,2026-09-01,2026-09-01,Tue,31,OK,5307,2005,1693,270,1669,1363,0,4753,5125,2727,139,1756,2004,1,1,554,6,0,0,0,548,5307,0,0,0
2026-10-02 09:03:54,2026-10-02 13:03:54,cohort,2026-08-31,2026-08-31,Mon,32,OK,4325,1513,1290,258,1825,729,0,3765,4106,1805,60,1330,1513,0,0,560,0,0,0,1,559,4325,0,0,0
2026-10-02 09:03:54,2026-10-02 13:03:54,ytd,2026-01-01:2026-09-29,2026-09-29,,,OK,1326594,604743,492434,103125,181794,436931,14516,1184916,1294067,844215,20086,423010,604157,586,549,141678,796,,,,,1326593,1,,
2026-10-02 09:03:54,2026-10-02 13:03:54,ytd,2026-01-01:2026-09-30,2026-09-30,,,OK,1332063,606239,493825,103342,184579,437902,14545,1189727,1295458,845275,20226,424985,605649,590,553,142336,804,,,,,1332062,1,,
2026-10-02 09:03:54,2026-10-02 13:03:54,alltime,1000-01-01:2026-09-29,2026-09-29,,,OK,41223045,33713744,6961523,295957,371678,6841567,67869,29548951,32287511,14850537,279735,7549621,23728698,9985046,9228,11674094,12388,,,,,41222946,99,,
2026-10-02 09:03:54,2026-10-02 13:03:54,alltime,1000-01-01:2026-09-30,2026-09-30,,,OK,41228514,33715240,6962914,296174,374463,6842538,67898,29553762,32288902,14851597,279875,7551596,23730190,9985050,9232,11674752,12396,,,,,41228415,99,,
2026-10-03 10:29:30,2026-10-03 14:29:30,cohort,2026-10-01,2026-10-01,Thu,2,OK,6789,1444,1369,422,2371,2552,857,5942,1571,1258,47,2052,1444,0,0,847,0,0,0,0,847,6789,0,0,0
2026-10-03 10:29:30,2026-10-03 14:29:30,cohort,2026-09-30,2026-09-30,Wed,3,OK,5469,1497,1319,220,2777,975,29,4810,1688,1396,140,1975,1493,4,4,659,8,0,0,0,651,5469,0,0,0
2026-10-03 10:29:30,2026-10-03 14:29:30,cohort,2026-09-29,2026-09-29,Tue,4,OK,4953,1219,999,253,2481,1000,0,4236,1768,1519,90,1789,1218,1,1,717,4,0,0,0,713,4953,0,0,0
2026-10-03 10:29:30,2026-10-03 14:29:30,cohort,2026-09-28,2026-09-28,Mon,5,OK,3973,1074,860,267,2340,292,0,3368,3492,1037,84,1407,1074,0,0,605,0,0,0,2,603,3973,0,0,0
2026-10-03 10:29:30,2026-10-03 14:29:30,cohort,2026-09-27,2026-09-27,Sun,6,OK,1480,334,298,23,748,375,5,1394,1442,817,30,443,334,0,0,86,0,0,0,0,86,1480,0,0,0
2026-10-03 10:29:30,2026-10-03 14:29:30,cohort,2026-09-26,2026-09-26,Sat,7,OK,9281,2098,1839,54,1317,5812,10,9029,9268,8108,27,1450,2098,0,0,252,0,0,0,0,252,9281,0,0,0
2026-10-03 10:29:30,2026-10-03 14:29:30,cohort,2026-09-25,2026-09-25,Fri,8,OK,5109,1217,979,270,2390,1232,3,4370,4916,2631,82,1900,1217,0,0,739,1,0,0,0,738,5109,0,0,0
2026-10-03 10:29:30,2026-10-03 14:29:30,cohort,2026-09-24,2026-09-24,Thu,9,OK,7450,1574,1269,286,2323,3267,512,6790,7325,5011,169,2308,1570,4,0,660,4,0,4,3,653,7450,0,0,0
2026-10-03 10:29:30,2026-10-03 14:29:30,cohort,2026-09-23,2026-09-23,Wed,10,OK,5494,1241,1053,223,2516,1514,6,4793,5375,2944,113,1935,1241,0,0,701,0,0,0,0,701,5494,0,0,0
2026-10-03 10:29:30,2026-10-03 14:29:30,cohort,2026-09-22,2026-09-22,Tue,11,OK,5305,1323,1101,212,2412,1358,0,4674,4981,2581,102,1913,1322,1,1,631,1,0,0,2,628,5305,0,0,0
2026-10-03 10:29:30,2026-10-03 14:29:30,cohort,2026-09-21,2026-09-21,Mon,12,OK,3680,925,748,211,2107,437,0,3143,3514,1464,43,1276,925,0,0,537,0,0,0,0,537,3680,0,0,0
2026-10-03 10:29:30,2026-10-03 14:29:30,cohort,2026-09-20,2026-09-20,Sun,13,OK,1000,224,189,24,416,336,3,923,974,546,18,366,224,0,0,77,1,0,0,0,76,1000,0,0,0
2026-10-03 10:29:30,2026-10-03 14:29:30,cohort,2026-09-19,2026-09-19,Sat,14,OK,2838,727,594,46,1114,951,8,2576,2771,1681,55,1102,727,0,0,262,1,0,0,2,259,2838,0,0,0
2026-10-03 10:29:30,2026-10-03 14:29:30,cohort,2026-09-18,2026-09-18,Fri,15,OK,5704,1347,1136,257,2310,1790,0,4964,5576,3292,77,2286,1346,1,1,740,7,0,0,1,732,5704,0,0,0
2026-10-03 10:29:30,2026-10-03 14:29:30,cohort,2026-09-17,2026-09-17,Thu,16,OK,4780,1084,879,199,2422,1075,0,4177,4644,2349,107,1554,1083,1,1,603,3,0,0,1,599,4780,0,0,0
2026-10-03 10:29:30,2026-10-03 14:29:30,cohort,2026-09-16,2026-09-16,Wed,17,OK,5187,1430,1183,223,2501,1033,4,4525,5099,2716,73,1783,1430,0,0,662,2,0,0,1,659,5187,0,0,0
2026-10-03 10:29:30,2026-10-03 14:29:30,cohort,2026-09-15,2026-09-15,Tue,18,OK,8565,2546,2159,261,2038,3720,0,7924,8429,6267,80,2013,2533,13,13,641,14,0,0,1,626,8565,0,0,0
2026-10-03 10:29:30,2026-10-03 14:29:30,cohort,2026-09-14,2026-09-14,Mon,19,OK,3277,1025,854,148,1408,696,0,2937,3128,1612,141,906,1008,17,17,340,17,0,0,1,322,3277,0,0,0
2026-10-03 10:29:30,2026-10-03 14:29:30,cohort,2026-09-13,2026-09-13,Sun,20,OK,1122,324,262,25,435,338,3,1038,1098,740,35,400,317,7,7,84,7,0,0,0,77,1122,0,0,0
2026-10-03 10:29:30,2026-10-03 14:29:30,cohort,2026-09-12,2026-09-12,Sat,21,OK,3825,828,679,114,1476,1407,0,3457,3785,2412,36,1521,828,0,0,368,1,0,0,1,366,3825,0,0,0
2026-10-03 10:29:30,2026-10-03 14:29:30,cohort,2026-09-11,2026-09-11,Fri,22,OK,5328,1300,1086,162,1969,1897,2,4806,5267,3245,63,2199,1300,0,0,522,0,0,0,5,517,5328,0,0,0
2026-10-03 10:29:30,2026-10-03 14:29:30,cohort,2026-09-10,2026-09-10,Thu,23,OK,5441,1438,1192,294,2144,1565,3,4725,5384,3038,52,2005,1437,1,1,716,2,0,0,9,705,5441,0,0,0
2026-10-03 10:29:30,2026-10-03 14:29:30,cohort,2026-09-09,2026-09-09,Wed,24,OK,5591,1534,1243,365,2225,1467,0,4740,5411,2818,43,1860,1533,1,0,851,6,0,1,0,845,5591,0,0,0
2026-10-03 10:29:30,2026-10-03 14:29:30,cohort,2026-09-08,2026-09-08,Tue,25,OK,4918,1445,1225,298,1952,1223,0,4353,4782,2740,63,1713,1443,2,2,565,2,0,0,1,562,4918,0,0,0
2026-10-03 10:29:30,2026-10-03 14:29:30,cohort,2026-09-07,2026-09-07,Mon,26,OK,3830,1324,1088,169,1607,730,0,3325,3758,1777,269,1172,1284,40,40,505,40,0,0,0,465,3830,0,0,0
2026-10-03 10:29:30,2026-10-03 14:29:30,cohort,2026-09-06,2026-09-06,Sun,27,OK,1518,389,344,61,452,616,1,1356,1507,885,24,459,389,0,0,162,1,0,0,1,160,1518,0,0,0
2026-10-03 10:29:30,2026-10-03 14:29:30,cohort,2026-09-05,2026-09-05,Sat,28,OK,3216,775,633,146,869,1426,0,2880,3147,2274,30,1353,775,0,0,336,0,0,0,0,336,3216,0,0,0
2026-10-03 10:29:30,2026-10-03 14:29:30,cohort,2026-09-04,2026-09-04,Fri,29,OK,4714,1397,1211,256,1969,1092,5,4142,4532,2463,57,1691,1397,0,0,572,0,0,0,1,571,4714,0,0,0
2026-10-03 10:29:30,2026-10-03 14:29:30,cohort,2026-09-03,2026-09-03,Thu,30,OK,6328,2117,1792,376,2099,1736,73,5503,6172,3408,109,2138,2117,0,0,825,2,0,0,18,805,6328,0,0,0
2026-10-03 10:29:30,2026-10-03 14:29:30,cohort,2026-09-02,2026-09-02,Wed,31,OK,5900,2296,1978,304,1805,1495,0,5162,5766,2994,101,1848,2293,3,1,738,1,0,2,14,723,5900,0,0,0
2026-10-03 10:29:30,2026-10-03 14:29:30,cohort,2026-09-01,2026-09-01,Tue,32,OK,5307,2009,1694,271,1664,1363,0,4753,5125,2727,139,1756,2008,1,1,554,6,0,0,0,548,5307,0,0,0
2026-10-03 10:29:30,2026-10-03 14:29:30,ytd,2026-01-01:2026-09-30,2026-09-30,,,OK,1332050,607397,494280,103573,183139,437940,14545,1189739,1295929,846065,20234,424989,606807,590,553,142311,804,,,,,1332049,1,,
2026-10-03 10:29:30,2026-10-03 14:29:30,ytd,2026-01-01:2026-10-01,2026-10-01,,,OK,1338839,608841,495649,103995,185510,440492,15402,1195681,1297500,847323,20281,427041,608251,590,553,143158,804,,,,,1338838,1,,
2026-10-03 10:29:30,2026-10-03 14:29:30,alltime,1000-01-01:2026-09-30,2026-09-30,,,OK,41228463,33716415,6963243,296407,372960,6842582,67898,29553749,32289591,14853236,279884,7551592,23731365,9985050,9232,11674714,12396,,,,,41228364,99,,
2026-10-03 10:29:30,2026-10-03 14:29:30,alltime,1000-01-01:2026-10-01,2026-10-01,,,OK,41235252,33717859,6964612,296829,375331,6845134,68755,29559691,32291162,14854494,279931,7553644,23732809,9985050,9232,11675561,12396,,,,,41235153,99,,
2026-10-04 10:43:07,2026-10-04 14:43:07,cohort,2026-10-02,2026-10-02,Fri,2,OK,3637,915,915,141,1264,1317,0,3276,65,31,35,1391,915,0,0,361,0,0,0,0,361,3637,0,0,0
2026-10-04 10:43:07,2026-10-04 14:43:07,cohort,2026-10-01,2026-10-01,Thu,3,OK,6789,1444,1369,422,2371,2552,857,5942,1632,1288,47,2054,1444,0,0,847,0,0,0,0,847,6789,0,0,0
2026-10-04 10:43:07,2026-10-04 14:43:07,cohort,2026-09-30,2026-09-30,Wed,4,OK,5469,1497,1319,218,2777,977,29,4810,1723,1404,140,1975,1493,4,4,659,8,0,0,0,651,5469,0,0,0
2026-10-04 10:43:07,2026-10-04 14:43:07,cohort,2026-09-29,2026-09-29,Tue,5,OK,4953,1219,999,253,2481,1000,0,4236,1801,1526,90,1789,1218,1,1,717,4,0,0,0,713,4953,0,0,0
2026-10-04 10:43:07,2026-10-04 14:43:07,cohort,2026-09-28,2026-09-28,Mon,6,OK,3973,1075,861,267,2339,292,0,3368,3492,1037,84,1407,1075,0,0,605,0,0,0,2,603,3973,0,0,0
2026-10-04 10:43:07,2026-10-04 14:43:07,cohort,2026-09-27,2026-09-27,Sun,7,OK,1480,335,299,23,747,375,5,1394,1442,817,30,443,335,0,0,86,0,0,0,0,86,1480,0,0,0
2026-10-04 10:43:07,2026-10-04 14:43:07,cohort,2026-09-26,2026-09-26,Sat,8,OK,9281,2104,1845,55,1310,5812,10,9029,9268,8109,27,1450,2104,0,0,252,0,0,0,0,252,9281,0,0,0
2026-10-04 10:43:07,2026-10-04 14:43:07,cohort,2026-09-25,2026-09-25,Fri,9,OK,5109,1221,983,271,2385,1232,3,4370,4916,2631,82,1900,1221,0,0,739,1,0,0,0,738,5109,0,0,0
2026-10-04 10:43:07,2026-10-04 14:43:07,cohort,2026-09-24,2026-09-24,Thu,10,OK,7450,1576,1271,284,2321,3269,512,6790,7325,5012,169,2308,1572,4,0,660,4,0,4,3,653,7450,0,0,0
2026-10-04 10:43:07,2026-10-04 14:43:07,cohort,2026-09-23,2026-09-23,Wed,11,OK,5494,1244,1056,224,2512,1514,6,4793,5375,2944,113,1935,1244,0,0,701,0,0,0,0,701,5494,0,0,0
2026-10-04 10:43:07,2026-10-04 14:43:07,cohort,2026-09-22,2026-09-22,Tue,12,OK,5305,1325,1103,212,2410,1358,0,4674,4981,2581,102,1913,1324,1,1,631,1,0,0,2,628,5305,0,0,0
2026-10-04 10:43:07,2026-10-04 14:43:07,cohort,2026-09-21,2026-09-21,Mon,13,OK,3680,926,749,212,2105,437,0,3143,3514,1464,43,1276,926,0,0,537,0,0,0,0,537,3680,0,0,0
2026-10-04 10:43:07,2026-10-04 14:43:07,cohort,2026-09-20,2026-09-20,Sun,14,OK,1000,224,189,24,416,336,3,923,974,546,18,366,224,0,0,77,1,0,0,0,76,1000,0,0,0
2026-10-04 10:43:07,2026-10-04 14:43:07,cohort,2026-09-19,2026-09-19,Sat,15,OK,2838,733,600,46,1108,951,8,2576,2771,1681,55,1102,733,0,0,262,1,0,0,2,259,2838,0,0,0
2026-10-04 10:43:07,2026-10-04 14:43:07,cohort,2026-09-18,2026-09-18,Fri,16,OK,5704,1359,1148,257,2298,1790,0,4964,5576,3292,77,2286,1358,1,1,740,7,0,0,1,732,5704,0,0,0
2026-10-04 10:43:07,2026-10-04 14:43:07,cohort,2026-09-17,2026-09-17,Thu,17,OK,4780,1093,888,200,2412,1075,0,4177,4644,2349,107,1554,1092,1,1,603,3,0,0,1,599,4780,0,0,0
2026-10-04 10:43:07,2026-10-04 14:43:07,cohort,2026-09-16,2026-09-16,Wed,18,OK,5187,1435,1188,224,2495,1033,4,4525,5099,2716,73,1782,1435,0,0,662,2,0,0,1,659,5187,0,0,0
2026-10-04 10:43:07,2026-10-04 14:43:07,cohort,2026-09-15,2026-09-15,Tue,19,OK,8565,2549,2162,261,2035,3720,0,7924,8429,6268,80,2013,2536,13,13,641,14,0,0,1,626,8565,0,0,0
2026-10-04 10:43:07,2026-10-04 14:43:07,cohort,2026-09-14,2026-09-14,Mon,20,OK,3277,1026,855,148,1407,696,0,2937,3128,1612,141,906,1009,17,17,340,17,0,0,1,322,3277,0,0,0
2026-10-04 10:43:07,2026-10-04 14:43:07,cohort,2026-09-13,2026-09-13,Sun,21,OK,1122,328,266,25,431,338,3,1038,1098,740,35,400,321,7,7,84,7,0,0,0,77,1122,0,0,0
2026-10-04 10:43:07,2026-10-04 14:43:07,cohort,2026-09-12,2026-09-12,Sat,22,OK,3825,834,685,114,1470,1407,0,3457,3785,2413,36,1521,834,0,0,368,1,0,0,1,366,3825,0,0,0
2026-10-04 10:43:07,2026-10-04 14:43:07,cohort,2026-09-11,2026-09-11,Fri,23,OK,5328,1303,1089,162,1966,1897,2,4807,5267,3245,63,2199,1303,0,0,521,0,0,0,5,516,5328,0,0,0
2026-10-04 10:43:07,2026-10-04 14:43:07,cohort,2026-09-10,2026-09-10,Thu,24,OK,5441,1443,1197,294,2139,1565,3,4725,5384,3038,52,2005,1442,1,1,716,2,0,0,9,705,5441,0,0,0
2026-10-04 10:43:07,2026-10-04 14:43:07,cohort,2026-09-09,2026-09-09,Wed,25,OK,5591,1541,1250,365,2218,1467,0,4740,5411,2818,43,1860,1540,1,0,851,6,0,1,0,845,5591,0,0,0
2026-10-04 10:43:07,2026-10-04 14:43:07,cohort,2026-09-08,2026-09-08,Tue,26,OK,4918,1459,1239,298,1938,1223,0,4353,4782,2740,63,1713,1457,2,2,565,2,0,0,1,562,4918,0,0,0
2026-10-04 10:43:07,2026-10-04 14:43:07,cohort,2026-09-07,2026-09-07,Mon,27,OK,3830,1325,1089,170,1605,730,0,3325,3758,1777,269,1172,1285,40,40,505,40,0,0,0,465,3830,0,0,0
2026-10-04 10:43:07,2026-10-04 14:43:07,cohort,2026-09-06,2026-09-06,Sun,28,OK,1518,391,346,62,449,616,1,1356,1507,885,24,459,391,0,0,162,1,0,0,1,160,1518,0,0,0
2026-10-04 10:43:07,2026-10-04 14:43:07,cohort,2026-09-05,2026-09-05,Sat,29,OK,3216,781,639,146,863,1426,0,2880,3147,2274,30,1352,781,0,0,336,0,0,0,0,336,3216,0,0,0
2026-10-04 10:43:07,2026-10-04 14:43:07,cohort,2026-09-04,2026-09-04,Fri,30,OK,4714,1401,1215,256,1965,1092,5,4142,4532,2463,57,1691,1401,0,0,572,0,0,0,1,571,4714,0,0,0
2026-10-04 10:43:07,2026-10-04 14:43:07,cohort,2026-09-03,2026-09-03,Thu,31,OK,6328,2121,1796,376,2095,1736,73,5503,6172,3409,109,2138,2121,0,0,825,2,0,0,18,805,6328,0,0,0
2026-10-04 10:43:07,2026-10-04 14:43:07,cohort,2026-09-02,2026-09-02,Wed,32,OK,5900,2304,1986,305,1796,1495,0,5162,5766,2994,101,1848,2301,3,1,738,1,0,2,14,723,5900,0,0,0
2026-10-04 10:43:07,2026-10-04 14:43:07,ytd,2026-01-01:2026-10-01,2026-10-01,,,OK,1338839,609443,496228,103982,184709,440704,15402,1195635,1297629,847384,20281,427040,608853,590,553,143204,804,,,,,1338838,1,,
2026-10-04 10:43:07,2026-10-04 14:43:07,ytd,2026-01-01:2026-10-02,2026-10-02,,,OK,1342476,610358,497143,104123,185973,442021,15402,1198911,1297694,847415,20316,428431,609768,590,553,143565,804,,,,,1342475,1,,
2026-10-04 10:43:07,2026-10-04 14:43:07,alltime,1000-01-01:2026-10-01,2026-10-01,,,OK,41235252,33718472,6965202,296816,374516,6845349,68755,29559644,32291291,14854560,279931,7553643,23733421,9985051,9232,11675608,12396,,,,,41235153,99,,
2026-10-04 10:43:07,2026-10-04 14:43:07,alltime,1000-01-01:2026-10-02,2026-10-02,,,OK,41238889,33719387,6966117,296957,375780,6846666,68755,29562920,32291356,14854591,279966,7555034,23734336,9985051,9232,11675969,12396,,,,,41238790,99,,
2026-10-05 09:07:46,2026-10-05 13:07:46,cohort,2026-10-03,2026-10-03,Sat,2,OK,2170,391,391,32,942,805,2,1933,1882,883,3,841,391,0,0,237,1,0,0,0,236,2170,0,0,0
2026-10-05 09:07:46,2026-10-05 13:07:46,cohort,2026-10-02,2026-10-02,Fri,3,OK,3637,922,922,144,1254,1317,0,3276,3417,1867,35,1391,922,0,0,361,0,0,0,0,361,3637,0,0,0
2026-10-05 09:07:46,2026-10-05 13:07:46,cohort,2026-10-01,2026-10-01,Thu,4,OK,6789,1445,1370,422,2370,2552,857,5942,6615,3712,78,2056,1445,0,0,847,0,0,0,0,847,6789,0,0,0
2026-10-05 09:07:46,2026-10-05 13:07:46,cohort,2026-09-30,2026-09-30,Wed,5,OK,5469,1497,1319,218,2777,977,29,4810,5204,2452,140,1975,1493,4,4,659,8,0,0,0,651,5469,0,0,0
2026-10-05 09:07:46,2026-10-05 13:07:46,cohort,2026-09-29,2026-09-29,Tue,6,OK,4953,1219,999,253,2481,1000,0,4236,4792,2343,90,1789,1218,1,1,717,4,0,0,0,713,4953,0,0,0
2026-10-05 09:07:46,2026-10-05 13:07:46,cohort,2026-09-28,2026-09-28,Mon,7,OK,3973,1075,861,267,2339,292,0,3368,3832,1233,84,1407,1075,0,0,605,0,0,0,3,602,3973,0,0,0
2026-10-05 09:07:46,2026-10-05 13:07:46,cohort,2026-09-27,2026-09-27,Sun,8,OK,1480,336,300,23,746,375,5,1394,1455,842,30,443,336,0,0,86,0,0,0,0,86,1480,0,0,0
2026-10-05 09:07:46,2026-10-05 13:07:46,cohort,2026-09-26,2026-09-26,Sat,9,OK,9281,2104,1845,55,1310,5812,10,9029,9269,8132,27,1450,2104,0,0,252,0,0,0,0,252,9281,0,0,0
2026-10-05 09:07:46,2026-10-05 13:07:46,cohort,2026-09-25,2026-09-25,Fri,10,OK,5109,1221,983,271,2385,1232,3,4370,4934,2674,82,1900,1221,0,0,739,1,0,0,0,738,5109,0,0,0
2026-10-05 09:07:46,2026-10-05 13:07:46,cohort,2026-09-24,2026-09-24,Thu,11,OK,7450,1577,1272,287,2317,3269,512,6790,7327,5035,169,2308,1573,4,0,660,4,0,4,3,653,7450,0,0,0
2026-10-05 09:07:46,2026-10-05 13:07:46,cohort,2026-09-23,2026-09-23,Wed,12,OK,5494,1247,1059,224,2509,1514,6,4793,5375,2965,114,1935,1247,0,0,701,0,0,0,1,700,5494,0,0,0
2026-10-05 09:07:46,2026-10-05 13:07:46,cohort,2026-09-22,2026-09-22,Tue,13,OK,5305,1325,1103,212,2410,1358,0,4674,4984,2598,104,1913,1324,1,1,631,1,0,0,3,627,5305,0,0,0
2026-10-05 09:07:46,2026-10-05 13:07:46,cohort,2026-09-21,2026-09-21,Mon,14,OK,3680,926,749,213,2104,437,0,3143,3515,1472,43,1275,926,0,0,537,0,0,0,0,537,3680,0,0,0
2026-10-05 09:07:46,2026-10-05 13:07:46,cohort,2026-09-20,2026-09-20,Sun,15,OK,1000,224,189,24,416,336,3,923,974,546,18,366,224,0,0,77,1,0,0,0,76,1000,0,0,0
2026-10-05 09:07:46,2026-10-05 13:07:46,cohort,2026-09-19,2026-09-19,Sat,16,OK,2838,734,601,46,1107,951,8,2576,2773,1686,55,1101,734,0,0,262,1,0,0,2,259,2838,0,0,0
2026-10-05 09:07:46,2026-10-05 13:07:46,cohort,2026-09-18,2026-09-18,Fri,17,OK,5704,1359,1148,257,2298,1790,0,4964,5576,3303,77,2286,1358,1,1,740,7,0,0,1,732,5704,0,0,0
2026-10-05 09:07:46,2026-10-05 13:07:46,cohort,2026-09-17,2026-09-17,Thu,18,OK,4780,1094,889,201,2410,1075,0,4177,4647,2365,107,1554,1093,1,1,603,3,0,0,1,599,4780,0,0,0
2026-10-05 09:07:46,2026-10-05 13:07:46,cohort,2026-09-16,2026-09-16,Wed,19,OK,5187,1445,1198,226,2483,1033,4,4525,5096,2732,73,1782,1445,0,0,662,2,0,0,1,659,5187,0,0,0
2026-10-05 09:07:46,2026-10-05 13:07:46,cohort,2026-09-15,2026-09-15,Tue,20,OK,8565,2550,2163,262,2033,3720,0,7924,8426,6290,80,2013,2537,13,13,641,14,0,0,1,626,8565,0,0,0
2026-10-05 09:07:46,2026-10-05 13:07:46,cohort,2026-09-14,2026-09-14,Mon,21,OK,3277,1026,855,148,1407,696,0,2937,3132,1632,141,906,1009,17,17,340,17,0,0,1,322,3277,0,0,0
2026-10-05 09:07:46,2026-10-05 13:07:46,cohort,2026-09-13,2026-09-13,Sun,22,OK,1122,328,266,25,431,338,3,1038,1098,741,35,400,321,7,7,84,7,0,0,0,77,1122,0,0,0
2026-10-05 09:07:46,2026-10-05 13:07:46,cohort,2026-09-12,2026-09-12,Sat,23,OK,3825,836,687,114,1468,1407,0,3457,3786,2420,36,1521,836,0,0,368,1,0,0,1,366,3825,0,0,0
2026-10-05 09:07:46,2026-10-05 13:07:46,cohort,2026-09-11,2026-09-11,Fri,24,OK,5328,1303,1089,162,1966,1897,2,4807,5265,3264,63,2199,1303,0,0,521,0,0,0,5,516,5328,0,0,0
2026-10-05 09:07:46,2026-10-05 13:07:46,cohort,2026-09-10,2026-09-10,Thu,25,OK,5441,1444,1198,296,2136,1565,3,4725,5380,3056,52,2005,1443,1,1,716,2,0,0,9,705,5441,0,0,0
2026-10-05 09:07:46,2026-10-05 13:07:46,cohort,2026-09-09,2026-09-09,Wed,26,OK,5591,1543,1252,366,2215,1467,0,4740,5408,2847,43,1860,1542,1,0,851,6,0,1,0,845,5591,0,0,0
2026-10-05 09:07:46,2026-10-05 13:07:46,cohort,2026-09-08,2026-09-08,Tue,27,OK,4918,1460,1240,300,1935,1223,0,4353,4782,2750,63,1713,1458,2,2,565,2,0,0,1,562,4918,0,0,0
2026-10-05 09:07:46,2026-10-05 13:07:46,cohort,2026-09-07,2026-09-07,Mon,28,OK,3830,1327,1091,171,1602,730,0,3325,3757,1780,269,1172,1287,40,40,505,40,0,0,0,465,3830,0,0,0
2026-10-05 09:07:46,2026-10-05 13:07:46,cohort,2026-09-06,2026-09-06,Sun,29,OK,1518,391,346,62,449,616,1,1356,1507,888,24,459,391,0,0,162,1,0,0,1,160,1518,0,0,0
2026-10-05 09:07:46,2026-10-05 13:07:46,cohort,2026-09-05,2026-09-05,Sat,30,OK,3216,781,639,146,863,1426,0,2880,3146,2276,30,1352,781,0,0,336,0,0,0,0,336,3216,0,0,0
2026-10-05 09:07:46,2026-10-05 13:07:46,cohort,2026-09-04,2026-09-04,Fri,31,OK,4714,1403,1217,257,1962,1092,5,4142,4530,2480,57,1691,1403,0,0,572,0,0,0,1,571,4714,0,0,0
2026-10-05 09:07:46,2026-10-05 13:07:46,cohort,2026-09-03,2026-09-03,Thu,32,OK,6328,2123,1798,376,2093,1736,73,5503,6169,3426,109,2138,2123,0,0,825,2,0,0,18,805,6328,0,0,0
2026-10-05 09:07:46,2026-10-05 13:07:46,ytd,2026-01-01:2026-10-02,2026-10-02,,,OK,1342476,610939,497714,104215,185261,442060,15402,1198913,1312792,855038,20354,428437,610349,590,553,143563,804,,,,,1342475,1,,
2026-10-05 09:07:46,2026-10-05 13:07:46,ytd,2026-01-01:2026-10-03,2026-10-03,,,OK,1344646,611330,498105,104247,186203,442865,15404,1200846,1314674,855921,20357,429278,610740,590,553,143800,805,,,,,1344645,1,,
2026-10-05 09:07:46,2026-10-05 13:07:46,alltime,1000-01-01:2026-10-02,2026-10-02,,,OK,41238889,33720007,6966727,297050,375026,6846707,68755,29562931,32306608,14867937,280008,7555045,23734957,9985050,9232,11675958,12396,,,,,41238790,99,,
2026-10-05 09:07:46,2026-10-05 13:07:46,alltime,1000-01-01:2026-10-03,2026-10-03,,,OK,41241059,33720398,6967118,297082,375968,6847512,68757,29564864,32308490,14868820,280011,7555886,23735348,9985050,9232,11676195,12397,,,,,41240960,99,,
2026-10-06 09:03:57,2026-10-06 13:03:57,cohort,2026-10-04,2026-10-04,Sun,2,OK,973,256,234,25,388,304,0,886,796,438,1,403,256,0,0,87,0,0,0,0,87,973,0,0,0
2026-10-06 09:03:57,2026-10-06 13:03:57,cohort,2026-10-03,2026-10-03,Sat,3,OK,2170,391,383,32,942,805,2,1933,2088,1196,3,841,391,0,0,237,1,0,0,0,236,2170,0,0,0
2026-10-06 09:03:57,2026-10-06 13:03:57,cohort,2026-10-02,2026-10-02,Fri,4,OK,3629,923,795,137,1252,1317,0,3276,3427,1963,35,1391,923,0,0,353,0,0,0,0,353,3629,0,0,0
2026-10-06 09:03:57,2026-10-06 13:03:57,cohort,2026-10-01,2026-10-01,Thu,5,OK,6789,1447,1309,427,2375,2540,857,5942,6618,3736,78,2057,1447,0,0,847,0,0,0,0,847,6789,0,0,0
2026-10-06 09:03:57,2026-10-06 13:03:57,cohort,2026-09-30,2026-09-30,Wed,6,OK,5468,1499,1265,219,2773,977,29,4809,5203,2467,140,1975,1495,4,4,659,8,0,0,0,651,5468,0,0,0
2026-10-06 09:03:57,2026-10-06 13:03:57,cohort,2026-09-29,2026-09-29,Tue,7,OK,4953,1221,976,257,2475,1000,0,4236,4795,2362,90,1789,1220,1,1,717,4,0,0,0,713,4953,0,0,0
2026-10-06 09:03:57,2026-10-06 13:03:57,cohort,2026-09-28,2026-09-28,Mon,8,OK,3973,1087,857,271,2320,295,0,3368,3836,1250,87,1407,1087,0,0,605,0,0,0,3,602,3973,0,0,0
2026-10-06 09:03:57,2026-10-06 13:03:57,cohort,2026-09-27,2026-09-27,Sun,9,OK,1480,337,280,23,744,376,5,1394,1455,843,30,443,337,0,0,86,0,0,0,0,86,1480,0,0,0
2026-10-06 09:03:57,2026-10-06 13:03:57,cohort,2026-09-26,2026-09-26,Sat,10,OK,9281,2106,1847,56,1306,5813,10,9029,9269,8134,27,1450,2106,0,0,252,0,0,0,1,251,9281,0,0,0
2026-10-06 09:03:57,2026-10-06 13:03:57,cohort,2026-09-25,2026-09-25,Fri,11,OK,5109,1234,982,275,2367,1233,3,4371,4938,2679,82,1900,1234,0,0,738,1,0,0,0,737,5109,0,0,0
2026-10-06 09:03:57,2026-10-06 13:03:57,cohort,2026-09-24,2026-09-24,Thu,12,OK,7450,1587,1279,289,2302,3272,512,6790,7328,5038,170,2308,1583,4,0,660,4,0,4,3,653,7450,0,0,0
2026-10-06 09:03:57,2026-10-06 13:03:57,cohort,2026-09-23,2026-09-23,Wed,13,OK,5494,1260,1069,225,2493,1516,6,4794,5376,2970,115,1934,1260,0,0,700,0,0,0,3,697,5494,0,0,0
2026-10-06 09:03:57,2026-10-06 13:03:57,cohort,2026-09-22,2026-09-22,Tue,14,OK,5305,1337,1110,213,2390,1365,0,4674,4984,2607,104,1912,1336,1,1,631,1,0,0,3,627,5305,0,0,0
2026-10-06 09:03:57,2026-10-06 13:03:57,cohort,2026-09-21,2026-09-21,Mon,15,OK,3680,948,769,216,2070,446,0,3143,3514,1475,43,1276,948,0,0,537,0,0,0,0,537,3680,0,0,0
2026-10-06 09:03:57,2026-10-06 13:03:57,cohort,2026-09-20,2026-09-20,Sun,16,OK,1000,225,190,24,415,336,3,923,974,548,18,366,225,0,0,77,1,0,0,0,76,1000,0,0,0
2026-10-06 09:03:57,2026-10-06 13:03:57,cohort,2026-09-19,2026-09-19,Sat,17,OK,2838,740,605,46,1100,952,8,2576,2773,1686,55,1101,740,0,0,262,1,0,0,2,259,2838,0,0,0
2026-10-06 09:03:57,2026-10-06 13:03:57,cohort,2026-09-18,2026-09-18,Fri,18,OK,5704,1378,1119,260,2269,1797,0,4964,5576,3303,77,2286,1377,1,1,740,7,0,0,1,732,5704,0,0,0
2026-10-06 09:03:57,2026-10-06 13:03:57,cohort,2026-09-17,2026-09-17,Thu,19,OK,4780,1111,901,203,2387,1079,0,4177,4646,2369,107,1552,1110,1,1,603,3,0,0,1,599,4780,0,0,0
2026-10-06 09:03:57,2026-10-06 13:03:57,cohort,2026-09-16,2026-09-16,Wed,20,OK,5187,1460,1210,229,2463,1035,4,4525,5097,2734,73,1782,1460,0,0,662,2,0,0,1,659,5187,0,0,0
2026-10-06 09:03:57,2026-10-06 13:03:57,cohort,2026-09-15,2026-09-15,Tue,21,OK,8565,2563,2164,262,2017,3723,0,7924,8426,6292,80,2013,2550,13,13,641,14,0,0,1,626,8565,0,0,0
2026-10-06 09:03:57,2026-10-06 13:03:57,cohort,2026-09-14,2026-09-14,Mon,22,OK,3277,1034,862,148,1396,699,0,2937,3131,1633,141,907,1017,17,17,340,17,0,0,1,322,3277,0,0,0
2026-10-06 09:03:57,2026-10-06 13:03:57,cohort,2026-09-13,2026-09-13,Sun,23,OK,1122,330,265,26,428,338,3,1038,1098,741,35,400,323,7,7,84,7,0,0,0,77,1122,0,0,0
2026-10-06 09:03:57,2026-10-06 13:03:57,cohort,2026-09-12,2026-09-12,Sat,24,OK,3825,849,697,118,1451,1407,0,3457,3786,2422,36,1521,849,0,0,368,1,0,0,1,366,3825,0,0,0
2026-10-06 09:03:57,2026-10-06 13:03:57,cohort,2026-09-11,2026-09-11,Fri,25,OK,5328,1315,1095,165,1950,1898,2,4807,5265,3265,63,2200,1315,0,0,521,0,0,0,5,516,5328,0,0,0
2026-10-06 09:03:57,2026-10-06 13:03:57,cohort,2026-09-10,2026-09-10,Thu,26,OK,5441,1456,1203,297,2119,1569,3,4725,5377,3061,52,2005,1455,1,1,716,2,0,0,9,705,5441,0,0,0
2026-10-06 09:03:57,2026-10-06 13:03:57,cohort,2026-09-09,2026-09-09,Wed,27,OK,5591,1563,1268,366,2193,1469,0,4740,5406,2851,43,1860,1562,1,0,851,6,0,1,0,845,5591,0,0,0
2026-10-06 09:03:57,2026-10-06 13:03:57,cohort,2026-09-08,2026-09-08,Tue,28,OK,4918,1470,1241,305,1919,1224,0,4353,4781,2751,63,1716,1468,2,2,565,2,0,0,1,562,4918,0,0,0
2026-10-06 09:03:57,2026-10-06 13:03:57,cohort,2026-09-07,2026-09-07,Mon,29,OK,3830,1338,1082,173,1587,732,0,3325,3757,1782,269,1172,1298,40,40,505,40,0,0,0,465,3830,0,0,0
2026-10-06 09:03:57,2026-10-06 13:03:57,cohort,2026-09-06,2026-09-06,Sun,30,OK,1518,394,349,63,445,616,1,1356,1507,888,24,459,394,0,0,162,1,0,0,1,160,1518,0,0,0
2026-10-06 09:03:57,2026-10-06 13:03:57,cohort,2026-09-05,2026-09-05,Sat,31,OK,3216,785,642,146,858,1427,0,2880,3146,2278,30,1352,785,0,0,336,0,0,0,0,336,3216,0,0,0
2026-10-06 09:03:57,2026-10-06 13:03:57,cohort,2026-09-04,2026-09-04,Fri,32,OK,4714,1416,1220,264,1932,1102,5,4142,4529,2483,57,1691,1416,0,0,572,0,0,0,1,571,4714,0,0,0
2026-10-06 09:03:57,2026-10-06 13:03:57,ytd,2026-01-01:2026-10-03,2026-10-03,,,OK,1344634,613228,498706,104634,183642,443129,15404,1200838,1315011,856805,20363,429299,612638,590,553,143796,805,,,,,1344633,1,,
2026-10-06 09:03:57,2026-10-06 13:03:57,ytd,2026-01-01:2026-10-04,2026-10-04,,,OK,1345607,613484,498940,104659,184030,443433,15404,1201724,1315807,857243,20364,429702,612894,590,553,143883,805,,,,,1345606,1,,
2026-10-06 09:03:57,2026-10-06 13:03:57,alltime,1000-01-01:2026-10-03,2026-10-03,,,OK,41241048,33722441,6967681,297557,373233,6847718,68757,29564860,32308851,14869871,280026,7555909,23737391,9985050,9232,11676188,12397,,,,,41240949,99,,
2026-10-06 09:03:57,2026-10-06 13:03:57,alltime,1000-01-01:2026-10-04,2026-10-04,,,OK,41242021,33722697,6967915,297582,373621,6848022,68757,29565746,32309647,14870309,280027,7556312,23737647,9985050,9232,11676275,12397,,,,,41241922,99,,
2026-10-07 09:08:02,2026-10-07 13:08:02,cohort,2026-10-05,2026-10-05,Mon,2,OK,3916,880,811,199,2260,577,0,3284,3823,1191,47,1285,880,0,0,632,1,0,0,0,631,3916,0,0,0
2026-10-07 09:08:02,2026-10-07 13:08:02,cohort,2026-10-04,2026-10-04,Sun,3,OK,973,256,212,25,388,304,0,886,833,491,1,403,256,0,0,87,0,0,0,0,87,973,0,0,0
2026-10-07 09:08:02,2026-10-07 13:08:02,cohort,2026-10-03,2026-10-03,Sat,4,OK,2170,391,334,32,942,805,2,1933,2091,1225,3,841,391,0,0,237,1,0,0,0,236,2170,0,0,0
2026-10-07 09:08:02,2026-10-07 13:08:02,cohort,2026-10-02,2026-10-02,Fri,5,OK,3629,924,770,138,1250,1317,0,3276,3429,1979,35,1391,924,0,0,353,0,0,0,0,353,3629,0,0,0
2026-10-07 09:08:02,2026-10-07 13:08:02,cohort,2026-10-01,2026-10-01,Thu,6,OK,6789,1448,1221,435,2376,2530,857,5941,6620,3757,79,2057,1448,0,0,848,0,0,0,0,848,6789,0,0,0
2026-10-07 09:08:02,2026-10-07 13:08:02,cohort,2026-09-30,2026-09-30,Wed,7,OK,5468,1510,1215,221,2761,976,29,4809,5203,2479,140,1975,1506,4,4,659,8,0,0,0,651,5468,0,0,0
2026-10-07 09:08:02,2026-10-07 13:08:02,cohort,2026-09-29,2026-09-29,Tue,8,OK,4953,1229,980,262,2459,1003,0,4236,4795,2374,90,1789,1228,1,1,717,4,0,0,0,713,4953,0,0,0
2026-10-07 09:08:02,2026-10-07 13:08:02,cohort,2026-09-28,2026-09-28,Mon,9,OK,3973,1096,859,274,2308,295,0,3367,3836,1258,87,1407,1096,0,0,606,0,0,0,3,603,3973,0,0,0
2026-10-07 09:08:02,2026-10-07 13:08:02,cohort,2026-09-27,2026-09-27,Sun,10,OK,1480,340,283,23,741,376,5,1394,1455,843,30,443,340,0,0,86,0,0,0,0,86,1480,0,0,0
2026-10-07 09:08:02,2026-10-07 13:08:02,cohort,2026-09-26,2026-09-26,Sat,11,OK,9281,2117,1857,57,1294,5813,10,9029,9269,8134,27,1450,2117,0,0,252,0,0,0,1,251,9281,0,0,0
2026-10-07 09:08:02,2026-10-07 13:08:02,cohort,2026-09-25,2026-09-25,Fri,12,OK,5109,1254,1001,277,2343,1235,3,4371,4938,2685,82,1901,1254,0,0,738,1,0,0,0,737,5109,0,0,0
2026-10-07 09:08:02,2026-10-07 13:08:02,cohort,2026-09-24,2026-09-24,Thu,13,OK,7450,1601,1290,289,2286,3274,512,6790,7328,5040,170,2311,1597,4,0,660,4,0,4,3,653,7450,0,0,0
2026-10-07 09:08:02,2026-10-07 13:08:02,cohort,2026-09-23,2026-09-23,Wed,14,OK,5494,1286,1092,229,2463,1516,6,4794,5375,2972,115,1934,1286,0,0,700,0,0,0,3,697,5494,0,0,0
2026-10-07 09:08:02,2026-10-07 13:08:02,cohort,2026-09-22,2026-09-22,Tue,15,OK,5305,1355,1125,216,2368,1366,0,4674,4984,2608,104,1912,1354,1,1,631,1,0,0,3,627,5305,0,0,0
2026-10-07 09:08:02,2026-10-07 13:08:02,cohort,2026-09-21,2026-09-21,Mon,16,OK,3680,980,798,217,2032,451,0,3143,3514,1475,43,1276,980,0,0,537,0,0,0,0,537,3680,0,0,0
2026-10-07 09:08:02,2026-10-07 13:08:02,cohort,2026-09-20,2026-09-20,Sun,17,OK,1000,236,201,24,403,337,3,923,974,548,18,366,236,0,0,77,1,0,0,0,76,1000,0,0,0
2026-10-07 09:08:02,2026-10-07 13:08:02,cohort,2026-09-19,2026-09-19,Sat,18,OK,2838,758,623,46,1081,953,8,2576,2773,1686,55,1100,758,0,0,262,1,0,0,2,259,2838,0,0,0
2026-10-07 09:08:02,2026-10-07 13:08:02,cohort,2026-09-18,2026-09-18,Fri,19,OK,5704,1397,1135,261,2248,1798,0,4964,5576,3306,77,2285,1396,1,1,740,7,0,0,1,732,5704,0,0,0
2026-10-07 09:08:02,2026-10-07 13:08:02,cohort,2026-09-17,2026-09-17,Thu,20,OK,4780,1148,933,204,2347,1081,0,4177,4648,2370,107,1552,1147,1,1,603,3,0,0,1,599,4780,0,0,0
2026-10-07 09:08:02,2026-10-07 13:08:02,cohort,2026-09-16,2026-09-16,Wed,21,OK,5187,1474,1219,233,2445,1035,4,4525,5097,2736,73,1782,1474,0,0,662,2,0,0,1,659,5187,0,0,0
2026-10-07 09:08:02,2026-10-07 13:08:02,cohort,2026-09-15,2026-09-15,Tue,22,OK,8565,2587,2185,264,1989,3725,0,7923,8427,6295,80,2013,2574,13,13,642,14,0,0,1,627,8565,0,0,0
2026-10-07 09:08:02,2026-10-07 13:08:02,cohort,2026-09-14,2026-09-14,Mon,23,OK,3278,1051,877,149,1371,707,0,2937,3132,1635,141,907,1034,17,17,341,17,0,0,1,323,3278,0,0,0
2026-10-07 09:08:02,2026-10-07 13:08:02,cohort,2026-09-13,2026-09-13,Sun,24,OK,1122,331,263,27,425,339,3,1038,1098,741,35,400,324,7,7,84,7,0,0,0,77,1122,0,0,0
2026-10-07 09:08:02,2026-10-07 13:08:02,cohort,2026-09-12,2026-09-12,Sat,25,OK,3825,868,714,122,1426,1409,0,3457,3785,2424,36,1521,868,0,0,368,1,0,0,1,366,3825,0,0,0
2026-10-07 09:08:02,2026-10-07 13:08:02,cohort,2026-09-11,2026-09-11,Fri,26,OK,5328,1346,1126,173,1897,1912,2,4807,5265,3266,63,2200,1346,0,0,521,0,0,0,5,516,5328,0,0,0
2026-10-07 09:08:02,2026-10-07 13:08:02,cohort,2026-09-10,2026-09-10,Thu,27,OK,5441,1491,1237,304,2073,1573,3,4725,5377,3061,52,2005,1490,1,1,716,2,0,0,9,705,5441,0,0,0
2026-10-07 09:08:02,2026-10-07 13:08:02,cohort,2026-09-09,2026-09-09,Wed,28,OK,5590,1592,1291,369,2150,1479,0,4740,5406,2851,43,1860,1591,1,0,850,6,0,1,0,844,5590,0,0,0
2026-10-07 09:08:02,2026-10-07 13:08:02,cohort,2026-09-08,2026-09-08,Tue,29,OK,4919,1511,1279,307,1872,1229,0,4354,4780,2752,63,1716,1509,2,2,565,2,0,0,1,562,4919,0,0,0
2026-10-07 09:08:02,2026-10-07 13:08:02,cohort,2026-09-07,2026-09-07,Mon,30,OK,3830,1363,1107,175,1556,736,0,3325,3755,1783,269,1171,1323,40,40,505,40,0,0,0,465,3830,0,0,0
2026-10-07 09:08:02,2026-10-07 13:08:02,cohort,2026-09-06,2026-09-06,Sun,31,OK,1518,402,357,63,436,617,1,1356,1507,888,24,459,402,0,0,162,1,0,0,1,160,1518,0,0,0
2026-10-07 09:08:02,2026-10-07 13:08:02,cohort,2026-09-05,2026-09-05,Sat,32,OK,3216,797,654,147,842,1430,0,2880,3145,2277,30,1352,797,0,0,336,0,0,0,0,336,3216,0,0,0
2026-10-07 09:08:02,2026-10-07 13:08:02,ytd,2026-01-01:2026-10-04,2026-10-04,,,OK,1345602,615156,499886,104845,181914,443686,15404,1201718,1315838,857694,20363,429701,614566,590,553,143884,805,,,,,1345601,1,,
2026-10-07 09:08:02,2026-10-07 13:08:02,ytd,2026-01-01:2026-10-05,2026-10-05,,,OK,1349518,616036,500697,105044,184174,444263,15404,1205002,1319661,858885,20410,430986,615446,590,553,144516,806,,,,,1349517,1,,
2026-10-07 09:08:02,2026-10-07 13:08:02,alltime,1000-01-01:2026-10-04,2026-10-04,,,OK,41242013,33724473,6968926,297700,371348,6848393,68757,29565737,32309682,14870792,280026,7556309,23739423,9985050,9232,11676276,12397,,,,,41241914,99,,
2026-10-07 09:08:02,2026-10-07 13:08:02,alltime,1000-01-01:2026-10-05,2026-10-05,,,OK,41245929,33725353,6969737,297899,373608,6848970,68757,29569021,32313505,14871983,280073,7557594,23740303,9985050,9232,11676908,12398,,,,,41245830,99,,
2026-10-08 09:08:34,2026-10-08 13:08:34,cohort,2026-10-06,2026-10-06,Tue,2,OK,4859,991,887,165,2366,1337,0,4285,4134,1571,67,1732,991,0,0,574,0,0,0,1,573,4859,0,0,0
2026-10-08 09:08:34,2026-10-08 13:08:34,cohort,2026-10-05,2026-10-05,Mon,3,OK,3916,883,805,205,2251,577,0,3285,3823,1191,51,1285,883,0,0,631,0,0,0,0,631,3916,0,0,0
2026-10-08 09:08:34,2026-10-08 13:08:34,cohort,2026-10-04,2026-10-04,Sun,4,OK,973,256,212,25,388,304,0,886,888,496,1,403,256,0,0,87,0,0,0,0,87,973,0,0,0
2026-10-08 09:08:34,2026-10-08 13:08:34,cohort,2026-10-03,2026-10-03,Sat,5,OK,2170,391,328,32,942,805,2,1933,2149,1340,3,841,391,0,0,237,1,0,0,0,236,2170,0,0,0
2026-10-08 09:08:34,2026-10-08 13:08:34,cohort,2026-10-02,2026-10-02,Fri,6,OK,3629,924,754,139,1249,1317,0,3276,3438,2091,35,1391,924,0,0,353,0,0,0,0,353,3629,0,0,0
2026-10-08 09:08:34,2026-10-08 13:08:34,cohort,2026-10-01,2026-10-01,Thu,7,OK,6789,1457,1224,429,2349,2554,857,5941,6642,4017,79,2059,1457,0,0,848,0,0,0,13,835,6789,0,0,0
2026-10-08 09:08:34,2026-10-08 13:08:34,cohort,2026-09-30,2026-09-30,Wed,8,OK,5468,1525,1228,224,2742,977,29,4808,5222,2707,140,1975,1521,4,4,660,8,0,0,0,652,5468,0,0,0
2026-10-08 09:08:34,2026-10-08 13:08:34,cohort,2026-09-29,2026-09-29,Tue,9,OK,4953,1259,1006,267,2424,1003,0,4236,4795,2626,90,1789,1258,1,1,717,4,0,0,2,711,4953,0,0,0
2026-10-08 09:08:34,2026-10-08 13:08:34,cohort,2026-09-28,2026-09-28,Mon,10,OK,3973,1111,871,275,2292,295,0,3367,3845,1521,87,1407,1111,0,0,606,0,0,0,3,603,3973,0,0,0
2026-10-08 09:08:34,2026-10-08 13:08:34,cohort,2026-09-27,2026-09-27,Sun,11,OK,1480,344,287,23,737,376,5,1394,1455,852,30,443,344,0,0,86,0,0,0,0,86,1480,0,0,0
2026-10-08 09:08:34,2026-10-08 13:08:34,cohort,2026-09-26,2026-09-26,Sat,12,OK,9281,2124,1863,58,1286,5813,10,9029,9269,8155,27,1450,2124,0,0,252,0,0,0,1,251,9281,0,0,0
2026-10-08 09:08:34,2026-10-08 13:08:34,cohort,2026-09-25,2026-09-25,Fri,13,OK,5109,1301,1046,289,2282,1237,3,4371,4938,2703,82,1900,1301,0,0,738,1,0,0,0,737,5109,0,0,0
2026-10-08 09:08:34,2026-10-08 13:08:34,cohort,2026-09-24,2026-09-24,Thu,14,OK,7450,1609,1297,292,2274,3275,512,6790,7328,5052,170,2311,1605,4,0,660,4,0,4,3,653,7450,0,0,0
2026-10-08 09:08:34,2026-10-08 13:08:34,cohort,2026-09-23,2026-09-23,Wed,15,OK,5494,1307,1109,231,2438,1518,6,4794,5375,2984,115,1934,1307,0,0,700,0,0,0,3,697,5494,0,0,0
2026-10-08 09:08:34,2026-10-08 13:08:34,cohort,2026-09-22,2026-09-22,Tue,16,OK,5306,1376,1145,217,2343,1370,0,4675,4985,2616,104,1911,1375,1,1,631,1,0,0,3,627,5306,0,0,0
2026-10-08 09:08:34,2026-10-08 13:08:34,cohort,2026-09-21,2026-09-21,Mon,17,OK,3680,1002,815,218,1994,466,0,3143,3515,1477,43,1276,1002,0,0,537,0,0,0,0,537,3680,0,0,0
2026-10-08 09:08:34,2026-10-08 13:08:34,cohort,2026-09-20,2026-09-20,Sun,18,OK,1000,242,203,24,397,337,3,923,974,549,18,366,242,0,0,77,1,0,0,0,76,1000,0,0,0
2026-10-08 09:08:34,2026-10-08 13:08:34,cohort,2026-09-19,2026-09-19,Sat,19,OK,2838,768,629,46,1071,953,8,2576,2773,1694,55,1100,768,0,0,262,1,0,0,2,259,2838,0,0,0
2026-10-08 09:08:34,2026-10-08 13:08:34,cohort,2026-09-18,2026-09-18,Fri,20,OK,5704,1454,1185,270,2163,1817,0,4965,5577,3313,77,2285,1453,1,1,739,6,0,0,1,732,5704,0,0,0
2026-10-08 09:08:34,2026-10-08 13:08:34,cohort,2026-09-17,2026-09-17,Thu,21,OK,4780,1176,955,210,2303,1091,0,4177,4648,2376,107,1552,1175,1,1,603,3,0,0,1,599,4780,0,0,0
2026-10-08 09:08:34,2026-10-08 13:08:34,cohort,2026-09-16,2026-09-16,Wed,22,OK,5187,1515,1255,237,2388,1047,4,4525,5097,2740,73,1782,1515,0,0,662,2,0,0,1,659,5187,0,0,0
2026-10-08 09:08:34,2026-10-08 13:08:34,cohort,2026-09-15,2026-09-15,Tue,23,OK,8565,2618,2214,264,1948,3735,0,7923,8428,6298,80,2012,2605,13,13,642,14,0,0,1,627,8565,0,0,0
2026-10-08 09:08:34,2026-10-08 13:08:34,cohort,2026-09-14,2026-09-14,Mon,24,OK,3278,1059,883,150,1361,708,0,2937,3132,1636,141,906,1042,17,17,341,17,0,0,1,323,3278,0,0,0
2026-10-08 09:08:34,2026-10-08 13:08:34,cohort,2026-09-13,2026-09-13,Sun,25,OK,1122,337,269,28,418,339,3,1038,1098,741,35,400,330,7,7,84,7,0,0,0,77,1122,0,0,0
2026-10-08 09:08:34,2026-10-08 13:08:34,cohort,2026-09-12,2026-09-12,Sat,26,OK,3825,895,737,123,1397,1410,0,3457,3786,2427,36,1521,895,0,0,368,1,0,0,1,366,3825,0,0,0
2026-10-08 09:08:34,2026-10-08 13:08:34,cohort,2026-09-11,2026-09-11,Fri,27,OK,5328,1375,1152,174,1866,1913,2,4807,5266,3267,63,2200,1375,0,0,521,0,0,0,5,516,5328,0,0,0
2026-10-08 09:08:34,2026-10-08 13:08:34,cohort,2026-09-10,2026-09-10,Thu,28,OK,5441,1528,1271,309,2027,1577,3,4725,5379,3061,52,2004,1527,1,1,716,2,0,0,9,705,5441,0,0,0
2026-10-08 09:08:34,2026-10-08 13:08:34,cohort,2026-09-09,2026-09-09,Wed,29,OK,5590,1627,1323,374,2105,1484,0,4740,5406,2852,43,1861,1626,1,0,850,6,0,1,0,844,5590,0,0,0
2026-10-08 09:08:34,2026-10-08 13:08:34,cohort,2026-09-08,2026-09-08,Tue,30,OK,4919,1527,1290,309,1851,1232,0,4355,4780,2751,63,1716,1525,2,2,564,2,0,0,1,561,4919,0,0,0
2026-10-08 09:08:34,2026-10-08 13:08:34,cohort,2026-09-07,2026-09-07,Mon,31,OK,3831,1381,1121,175,1538,737,0,3326,3756,1785,269,1171,1341,40,40,505,40,0,0,0,465,3831,0,0,0
2026-10-08 09:08:34,2026-10-08 13:08:34,cohort,2026-09-06,2026-09-06,Sun,32,OK,1518,410,364,63,428,617,1,1356,1507,889,24,459,410,0,0,162,1,0,0,1,160,1518,0,0,0
2026-10-08 09:08:34,2026-10-08 13:08:34,ytd,2026-01-01:2026-10-05,2026-10-05,,,OK,1349519,618702,502853,105484,180636,444696,15404,1204993,1320003,860260,20416,430985,618112,590,553,144526,804,,,,,1349518,1,,
2026-10-08 09:08:34,2026-10-08 13:08:34,ytd,2026-01-01:2026-10-06,2026-10-06,,,OK,1354378,619693,503740,105649,183002,446033,15404,1209278,1324137,861831,20483,432717,619103,590,553,145100,804,,,,,1354377,1,,
2026-10-08 09:08:34,2026-10-08 13:08:34,alltime,1000-01-01:2026-10-05,2026-10-05,,,OK,41245929,33728195,6971930,298413,369815,6849407,68757,29569023,32313846,14873891,280079,7557610,23743145,9985050,9232,11676906,12396,,,,,41245830,99,,
2026-10-08 09:08:34,2026-10-08 13:08:34,alltime,1000-01-01:2026-10-06,2026-10-06,,,OK,41250788,33729186,6972817,298578,372181,6850744,68757,29573308,32317980,14875462,280146,7559342,23744136,9985050,9232,11677480,12396,,,,,41250689,99,,
2026-10-09 09:05:56,2026-10-09 13:05:56,cohort,2026-10-07,2026-10-07,Wed,2,OK,5302,1114,954,224,2621,1343,0,4559,5147,2246,60,1759,1114,0,0,743,2,0,0,0,741,5302,0,0,0
2026-10-09 09:05:56,2026-10-09 13:05:56,cohort,2026-10-06,2026-10-06,Tue,3,OK,4858,996,822,164,2361,1337,0,4283,4770,2274,68,1732,996,0,0,575,0,0,0,1,574,4858,0,0,0
2026-10-09 09:05:56,2026-10-09 13:05:56,cohort,2026-10-05,2026-10-05,Mon,4,OK,3916,894,761,207,2238,577,0,3285,3841,1347,51,1285,894,0,0,631,0,0,0,0,631,3916,0,0,0
2026-10-09 09:05:56,2026-10-09 13:05:56,cohort,2026-10-04,2026-10-04,Sun,5,OK,973,257,207,25,387,304,0,886,888,500,1,403,257,0,0,87,0,0,0,0,87,973,0,0,0
2026-10-09 09:05:56,2026-10-09 13:05:56,cohort,2026-10-03,2026-10-03,Sat,6,OK,2170,394,330,32,939,805,2,1933,2149,1344,3,841,394,0,0,237,1,0,0,0,236,2170,0,0,0
2026-10-09 09:05:56,2026-10-09 13:05:56,cohort,2026-10-02,2026-10-02,Fri,7,OK,3629,929,728,141,1242,1317,0,3276,3450,2097,35,1391,929,0,0,353,0,0,0,0,353,3629,0,0,0
2026-10-09 09:05:56,2026-10-09 13:05:56,cohort,2026-10-01,2026-10-01,Thu,8,OK,6789,1464,1218,429,2338,2558,857,5941,6639,4040,79,2064,1464,0,0,848,0,0,0,13,835,6789,0,0,0
2026-10-09 09:05:56,2026-10-09 13:05:56,cohort,2026-09-30,2026-09-30,Wed,9,OK,5468,1543,1242,227,2721,977,29,4808,5223,2748,140,1975,1539,4,4,660,8,0,0,0,652,5468,0,0,0
2026-10-09 09:05:56,2026-10-09 13:05:56,cohort,2026-09-29,2026-09-29,Tue,10,OK,4953,1279,1024,276,2392,1006,0,4235,4801,2674,90,1787,1278,1,1,718,4,0,0,2,712,4953,0,0,0
2026-10-09 09:05:56,2026-10-09 13:05:56,cohort,2026-09-28,2026-09-28,Mon,11,OK,3972,1130,888,277,2267,298,0,3367,3844,1575,87,1408,1130,0,0,605,0,0,0,3,602,3972,0,0,0
2026-10-09 09:05:56,2026-10-09 13:05:56,cohort,2026-09-27,2026-09-27,Sun,12,OK,1480,348,290,23,733,376,5,1394,1455,855,30,443,348,0,0,86,0,0,0,0,86,1480,0,0,0
2026-10-09 09:05:56,2026-10-09 13:05:56,cohort,2026-09-26,2026-09-26,Sat,13,OK,9281,2132,1867,58,1277,5814,10,9029,9269,8160,27,1450,2132,0,0,252,0,0,0,1,251,9281,0,0,0
2026-10-09 09:05:56,2026-10-09 13:05:56,cohort,2026-09-25,2026-09-25,Fri,14,OK,5109,1330,1071,293,2247,1239,3,4371,4942,2731,82,1899,1330,0,0,738,1,0,0,0,737,5109,0,0,0
2026-10-09 09:05:56,2026-10-09 13:05:56,cohort,2026-09-24,2026-09-24,Thu,15,OK,7450,1629,1316,295,2248,3278,512,6790,7327,5081,170,2311,1625,4,0,660,4,0,4,3,653,7450,0,0,0
2026-10-09 09:05:56,2026-10-09 13:05:56,cohort,2026-09-23,2026-09-23,Wed,16,OK,5494,1334,1132,233,2398,1529,6,4794,5376,3018,115,1933,1334,0,0,700,0,0,0,3,697,5494,0,0,0
2026-10-09 09:05:56,2026-10-09 13:05:56,cohort,2026-09-22,2026-09-22,Tue,17,OK,5306,1406,1171,218,2278,1404,0,4675,5021,2633,104,1912,1405,1,1,631,1,0,0,3,627,5306,0,0,0
2026-10-09 09:05:56,2026-10-09 13:05:56,cohort,2026-09-21,2026-09-21,Mon,18,OK,3680,1020,829,220,1965,475,0,3143,3578,1493,43,1274,1020,0,0,537,0,0,0,0,537,3680,0,0,0
2026-10-09 09:05:56,2026-10-09 13:05:56,cohort,2026-09-20,2026-09-20,Sun,19,OK,1000,248,209,24,391,337,3,923,974,551,18,366,248,0,0,77,1,0,0,0,76,1000,0,0,0
2026-10-09 09:05:56,2026-10-09 13:05:56,cohort,2026-09-19,2026-09-19,Sat,20,OK,2838,782,642,49,1036,971,8,2576,2773,1711,55,1100,782,0,0,262,1,0,0,2,259,2838,0,0,0
2026-10-09 09:05:56,2026-10-09 13:05:56,cohort,2026-09-18,2026-09-18,Fri,21,OK,5704,1485,1213,273,2109,1837,0,4965,5577,3335,77,2285,1484,1,1,739,6,0,0,1,732,5704,0,0,0
2026-10-09 09:05:56,2026-10-09 13:05:56,cohort,2026-09-17,2026-09-17,Thu,22,OK,4780,1190,962,212,2265,1113,0,4177,4648,2407,107,1552,1189,1,1,603,3,0,0,1,599,4780,0,0,0
2026-10-09 09:05:56,2026-10-09 13:05:56,cohort,2026-09-16,2026-09-16,Wed,23,OK,5187,1548,1281,240,2320,1079,4,4525,5097,2759,73,1782,1548,0,0,662,2,0,0,1,659,5187,0,0,0
2026-10-09 09:05:56,2026-10-09 13:05:56,cohort,2026-09-15,2026-09-15,Tue,24,OK,8565,2646,2232,266,1879,3774,0,7923,8428,6327,80,2012,2633,13,13,642,14,0,0,1,627,8565,0,0,0
2026-10-09 09:05:56,2026-10-09 13:05:56,cohort,2026-09-14,2026-09-14,Mon,25,OK,3278,1080,903,150,1318,730,0,2937,3134,1639,141,906,1063,17,17,341,17,0,0,1,323,3278,0,0,0
2026-10-09 09:05:56,2026-10-09 13:05:56,cohort,2026-09-13,2026-09-13,Sun,26,OK,1122,342,273,28,413,339,3,1038,1098,743,35,400,335,7,7,84,7,0,0,0,77,1122,0,0,0
2026-10-09 09:05:56,2026-10-09 13:05:56,cohort,2026-09-12,2026-09-12,Sat,27,OK,3825,917,753,125,1362,1421,0,3457,3786,2441,36,1520,917,0,0,368,1,0,0,1,366,3825,0,0,0
2026-10-09 09:05:56,2026-10-09 13:05:56,cohort,2026-09-11,2026-09-11,Fri,28,OK,5328,1407,1170,175,1820,1926,2,4807,5267,3293,63,2201,1407,0,0,521,0,0,0,5,516,5328,0,0,0
2026-10-09 09:05:56,2026-10-09 13:05:56,cohort,2026-09-10,2026-09-10,Thu,29,OK,5441,1554,1286,310,1991,1586,3,4727,5378,3079,52,2004,1553,1,1,714,1,0,0,9,704,5441,0,0,0
2026-10-09 09:05:56,2026-10-09 13:05:56,cohort,2026-09-09,2026-09-09,Wed,30,OK,5590,1646,1339,375,2076,1493,0,4740,5405,2873,43,1861,1645,1,0,850,6,0,1,0,844,5590,0,0,0
2026-10-09 09:05:56,2026-10-09 13:05:56,cohort,2026-09-08,2026-09-08,Tue,31,OK,4919,1549,1309,312,1815,1243,0,4356,4784,2779,63,1716,1547,2,2,563,2,0,0,1,560,4919,0,0,0
2026-10-09 09:05:56,2026-10-09 13:05:56,cohort,2026-09-07,2026-09-07,Mon,32,OK,3831,1393,1130,177,1521,740,0,3326,3757,1803,269,1171,1353,40,40,505,40,0,0,0,465,3831,0,0,0
2026-10-09 09:05:56,2026-10-09 13:05:56,ytd,2026-01-01:2026-10-06,2026-10-06,,,OK,1354385,621687,504916,105900,180236,446561,15404,1209293,1325008,864202,20486,432723,621097,590,553,145092,803,,,,,1354384,1,,
2026-10-09 09:05:56,2026-10-09 13:05:56,ytd,2026-01-01:2026-10-07,2026-10-07,,,OK,1359687,622801,505870,106124,182857,447904,15404,1213852,1330155,866448,20546,434482,622211,590,553,145835,805,,,,,1359686,1,,
2026-10-09 09:05:56,2026-10-09 13:05:56,alltime,1000-01-01:2026-10-06,2026-10-06,,,OK,41250805,33731575,6974339,298833,368885,6851413,68757,29573334,32334715,14872341,280149,7559366,23746525,9985050,9232,11677471,12395,,,,,41250706,99,,
2026-10-09 09:05:56,2026-10-09 13:05:56,alltime,1000-01-01:2026-10-07,2026-10-07,,,OK,41256107,33732689,6975293,299057,371506,6852756,68757,29577893,32339862,14874587,280209,7561125,23747639,9985050,9232,11678214,12397,,,,,41256008,99,,
2026-10-10 09:02:27,2026-10-10 13:02:27,cohort,2026-10-08,2026-10-08,Thu,2,OK,5992,1183,1072,315,2706,1788,378,5205,4996,2061,94,2002,1183,0,0,787,3,0,0,0,784,5992,0,0,0
2026-10-10 09:02:27,2026-10-10 13:02:27,cohort,2026-10-07,2026-10-07,Wed,3,OK,5302,1114,917,224,2621,1343,0,4559,5147,2246,60,1759,1114,0,0,743,2,0,0,0,741,5302,0,0,0
2026-10-10 09:02:27,2026-10-10 13:02:27,cohort,2026-10-06,2026-10-06,Tue,4,OK,4858,1001,823,164,2356,1337,0,4283,4770,2274,68,1733,1001,0,0,575,0,0,0,1,574,4858,0,0,0
2026-10-10 09:02:27,2026-10-10 13:02:27,cohort,2026-10-05,2026-10-05,Mon,5,OK,3916,907,770,208,2224,577,0,3285,3841,1347,51,1286,907,0,0,631,0,0,0,0,631,3916,0,0,0
2026-10-10 09:02:27,2026-10-10 13:02:27,cohort,2026-10-04,2026-10-04,Sun,6,OK,973,258,208,25,386,304,0,886,888,500,1,403,258,0,0,87,0,0,0,0,87,973,0,0,0
2026-10-10 09:02:27,2026-10-10 13:02:27,cohort,2026-10-03,2026-10-03,Sat,7,OK,2170,396,332,34,935,805,2,1933,2149,1344,3,841,396,0,0,237,1,0,0,0,236,2170,0,0,0
2026-10-10 09:02:27,2026-10-10 13:02:27,cohort,2026-10-02,2026-10-02,Fri,8,OK,3629,932,730,142,1237,1318,0,3276,3450,2097,35,1392,932,0,0,353,0,0,0,0,353,3629,0,0,0
2026-10-10 09:02:27,2026-10-10 13:02:27,cohort,2026-10-01,2026-10-01,Thu,9,OK,6788,1474,1227,436,2319,2559,856,5940,6638,4039,79,2064,1474,0,0,848,0,0,0,13,835,6788,0,0,0
2026-10-10 09:02:27,2026-10-10 13:02:27,cohort,2026-09-30,2026-09-30,Wed,10,OK,5468,1554,1253,236,2701,977,29,4807,5223,2748,140,1974,1550,4,4,661,8,0,0,0,653,5468,0,0,0
2026-10-10 09:02:27,2026-10-10 13:02:27,cohort,2026-09-29,2026-09-29,Tue,11,OK,4953,1298,1039,278,2369,1008,0,4235,4801,2674,90,1787,1297,1,1,718,4,0,0,2,712,4953,0,0,0
2026-10-10 09:02:27,2026-10-10 13:02:27,cohort,2026-09-28,2026-09-28,Mon,12,OK,3972,1140,897,284,2245,303,0,3367,3844,1575,87,1408,1140,0,0,605,0,0,0,3,602,3972,0,0,0
2026-10-10 09:02:27,2026-10-10 13:02:27,cohort,2026-09-27,2026-09-27,Sun,13,OK,1480,351,293,23,729,377,5,1394,1455,855,30,443,351,0,0,86,0,0,0,0,86,1480,0,0,0
2026-10-10 09:02:27,2026-10-10 13:02:27,cohort,2026-09-26,2026-09-26,Sat,14,OK,9281,2146,1880,59,1259,5817,10,9029,9269,8160,27,1450,2146,0,0,252,0,0,0,1,251,9281,0,0,0
2026-10-10 09:02:27,2026-10-10 13:02:27,cohort,2026-09-25,2026-09-25,Fri,15,OK,5109,1353,1089,296,2220,1240,3,4371,4942,2731,82,1899,1353,0,0,738,1,0,0,0,737,5109,0,0,0
2026-10-10 09:02:27,2026-10-10 13:02:27,cohort,2026-09-24,2026-09-24,Thu,16,OK,7450,1649,1336,295,2227,3279,512,6790,7327,5081,170,2311,1645,4,0,660,4,0,4,3,653,7450,0,0,0
2026-10-10 09:02:27,2026-10-10 13:02:27,cohort,2026-09-23,2026-09-23,Wed,17,OK,5494,1348,1142,234,2380,1532,6,4794,5376,3018,115,1933,1348,0,0,700,0,0,0,3,697,5494,0,0,0
2026-10-10 09:02:27,2026-10-10 13:02:27,cohort,2026-09-22,2026-09-22,Tue,18,OK,5306,1424,1187,222,2253,1407,0,4675,5021,2633,104,1911,1423,1,1,631,1,0,0,3,627,5306,0,0,0
2026-10-10 09:02:27,2026-10-10 13:02:27,cohort,2026-09-21,2026-09-21,Mon,19,OK,3680,1029,837,222,1950,479,0,3143,3578,1493,43,1274,1029,0,0,537,0,0,0,0,537,3680,0,0,0
2026-10-10 09:02:27,2026-10-10 13:02:27,cohort,2026-09-20,2026-09-20,Sun,20,OK,1000,258,219,25,380,337,3,924,974,551,18,366,258,0,0,76,1,0,0,0,75,1000,0,0,0
2026-10-10 09:02:27,2026-10-10 13:02:27,cohort,2026-09-19,2026-09-19,Sat,21,OK,2838,794,653,52,1020,972,8,2576,2773,1711,55,1100,794,0,0,262,1,0,0,2,259,2838,0,0,0
2026-10-10 09:02:27,2026-10-10 13:02:27,cohort,2026-09-18,2026-09-18,Fri,22,OK,5704,1501,1224,275,2087,1841,0,4965,5577,3335,77,2285,1500,1,1,739,6,0,0,1,732,5704,0,0,0
2026-10-10 09:02:27,2026-10-10 13:02:27,cohort,2026-09-17,2026-09-17,Thu,23,OK,4780,1209,977,217,2240,1114,0,4177,4648,2407,107,1551,1208,1,1,603,3,0,0,1,599,4780,0,0,0
2026-10-10 09:02:27,2026-10-10 13:02:27,cohort,2026-09-16,2026-09-16,Wed,24,OK,5187,1564,1294,245,2299,1079,4,4525,5097,2759,73,1781,1564,0,0,662,2,0,0,1,659,5187,0,0,0
2026-10-10 09:02:27,2026-10-10 13:02:27,cohort,2026-09-15,2026-09-15,Tue,25,OK,8565,2666,2247,269,1852,3778,0,7923,8428,6327,80,2012,2653,13,13,642,14,0,0,1,627,8565,0,0,0
2026-10-10 09:02:27,2026-10-10 13:02:27,cohort,2026-09-14,2026-09-14,Mon,26,OK,3278,1100,922,151,1293,734,0,2937,3134,1639,141,906,1083,17,17,341,17,0,0,1,323,3278,0,0,0
2026-10-10 09:02:27,2026-10-10 13:02:27,cohort,2026-09-13,2026-09-13,Sun,27,OK,1122,349,280,28,405,340,3,1038,1098,743,35,400,342,7,7,84,7,0,0,0,77,1122,0,0,0
2026-10-10 09:02:27,2026-10-10 13:02:27,cohort,2026-09-12,2026-09-12,Sat,28,OK,3825,933,767,128,1338,1426,0,3457,3786,2441,36,1520,933,0,0,368,1,0,0,1,366,3825,0,0,0
2026-10-10 09:02:27,2026-10-10 13:02:27,cohort,2026-09-11,2026-09-11,Fri,29,OK,5328,1426,1186,176,1800,1926,2,4807,5267,3293,63,2201,1426,0,0,521,0,0,0,5,516,5328,0,0,0
2026-10-10 09:02:27,2026-10-10 13:02:27,cohort,2026-09-10,2026-09-10,Thu,30,OK,5441,1562,1291,312,1981,1586,3,4727,5378,3079,52,2003,1561,1,1,714,1,0,0,9,704,5441,0,0,0
2026-10-10 09:02:27,2026-10-10 13:02:27,cohort,2026-09-09,2026-09-09,Wed,31,OK,5590,1671,1360,378,2045,1496,0,4740,5405,2873,43,1863,1670,1,0,850,6,0,1,0,844,5590,0,0,0
2026-10-10 09:02:27,2026-10-10 13:02:27,cohort,2026-09-08,2026-09-08,Tue,32,OK,4918,1577,1335,316,1781,1244,0,4356,4783,2778,63,1716,1575,2,2,562,2,0,0,1,559,4918,0,0,0
2026-10-10 09:02:27,2026-10-10 13:02:27,ytd,2026-01-01:2026-10-07,2026-10-07,,,OK,1359682,624516,507123,106538,180598,448029,15403,1213825,1330151,866444,20546,434465,623926,590,553,145857,805,,,,,1359681,1,,
2026-10-10 09:02:27,2026-10-10 13:02:27,ytd,2026-01-01:2026-10-08,2026-10-08,,,OK,1365674,625699,508195,106853,183304,449817,15781,1219030,1335147,868505,20640,436467,625109,590,553,146644,808,,,,,1365673,1,,
2026-10-10 09:02:27,2026-10-10 13:02:27,alltime,1000-01-01:2026-10-07,2026-10-07,,,OK,41256089,33734516,6976561,299487,369106,6852881,68756,29577860,32339847,14874580,280209,7561111,23749466,9985050,9232,11678229,12397,,,,,41255990,99,,
2026-10-10 09:02:27,2026-10-10 13:02:27,alltime,1000-01-01:2026-10-08,2026-10-08,,,OK,41262081,33735699,6977633,299802,371812,6854669,69134,29583065,32344843,14876641,280303,7563113,23750649,9985050,9232,11679016,12400,,,,,41261982,99,,
