observed_et,row_type,cohort_date,close_date,cohort_dow,age_days,status,all_sb,medline,medline_automated,inprocess,publisher,pubmednotmedline,preprint,hasabstract,fulltext,freefulltext,status_sum,unaccounted
2026-09-19,cohort,2026-09-17,2026-09-17,Thu,2,OK,5620,1315,1302,213,2972,1120,0,4889,5462,3145,5620,0
2026-09-18,cohort,2026-09-16,2026-09-16,Wed,2,OK,5131,1200,1188,194,2714,1023,0,4463,4987,2966,5131,0
2026-09-19,cohort,2026-09-16,2026-09-16,Wed,3,OK,5133,1276,1258,208,2586,1063,11,4470,4989,2923,5133,0
2026-09-17,cohort,2026-09-15,2026-09-15,Tue,2,OK,9464,2214,2193,359,5006,1885,4,8233,9199,5266,9464,0
2026-09-18,cohort,2026-09-15,2026-09-15,Tue,3,OK,9468,2354,2320,384,4770,1960,0,8246,9202,5830,9468,0
2026-09-19,cohort,2026-09-15,2026-09-15,Tue,4,OK,9472,2495,2448,408,4535,2034,11,8259,9206,5841,9472,0
2026-09-16,cohort,2026-09-14,2026-09-14,Mon,2,OK,2744,642,635,104,1451,547,0,2387,2667,1516,2744,0
2026-09-17,cohort,2026-09-14,2026-09-14,Mon,3,OK,2745,682,672,111,1383,569,4,2390,2668,1673,2745,0
2026-09-18,cohort,2026-09-14,2026-09-14,Mon,4,OK,2746,723,709,118,1314,591,11,2394,2669,1554,2746,0
2026-09-19,cohort,2026-09-14,2026-09-14,Mon,5,OK,2747,764,746,125,1246,612,0,2398,2670,1562,2747,0
2026-09-15,cohort,2026-09-13,2026-09-13,Sun,2,OK,1065,249,246,40,563,213,0,926,1035,638,1065,0
2026-09-16,cohort,2026-09-13,2026-09-13,Sun,3,OK,1066,265,261,43,537,221,0,928,1036,621,1066,0
2026-09-17,cohort,2026-09-13,2026-09-13,Sun,4,OK,1066,280,274,46,510,230,0,929,1036,592,1066,0
2026-09-18,cohort,2026-09-13,2026-09-13,Sun,5,OK,1067,296,289,48,484,239,0,931,1037,587,1067,0
2026-09-19,cohort,2026-09-13,2026-09-13,Sun,6,OK,1067,312,303,51,457,247,0,932,1037,648,1067,0
2026-09-14,cohort,2026-09-12,2026-09-12,Sat,2,OK,3408,797,789,129,1802,680,0,2964,3312,2047,3408,0
2026-09-15,cohort,2026-09-12,2026-09-12,Sat,3,OK,3410,848,836,138,1718,706,0,2970,3314,2107,3410,0
2026-09-16,cohort,2026-09-12,2026-09-12,Sat,4,OK,3411,898,881,147,1633,733,0,2974,3315,2054,3411,0
2026-09-17,cohort,2026-09-12,2026-09-12,Sat,5,OK,3412,949,926,155,1548,760,4,2978,3316,2092,3412,0
2026-09-18,cohort,2026-09-12,2026-09-12,Sat,6,OK,3414,1000,971,163,1464,787,11,2983,3318,2060,3414,0
2026-09-19,cohort,2026-09-12,2026-09-12,Sat,7,OK,3415,1050,1015,170,1380,815,0,2988,3319,1902,3415,0
2026-09-13,cohort,2026-09-11,2026-09-11,Fri,2,OK,5487,1283,1270,208,2902,1094,0,4773,5333,3088,5487,0
2026-09-14,cohort,2026-09-11,2026-09-11,Fri,3,OK,5489,1365,1345,223,2765,1136,4,4780,5335,3306,5489,0
2026-09-15,cohort,2026-09-11,2026-09-11,Fri,4,OK,5491,1446,1418,237,2629,1179,0,4788,5337,3282,5491,0
2026-09-16,cohort,2026-09-11,2026-09-11,Fri,5,OK,5493,1528,1492,250,2493,1222,11,4795,5339,3396,5493,0
2026-09-17,cohort,2026-09-11,2026-09-11,Fri,6,OK,5496,1610,1564,262,2358,1266,4,4803,5342,3183,5496,0
2026-09-18,cohort,2026-09-11,2026-09-11,Fri,7,OK,5498,1691,1635,274,2222,1311,0,4810,5344,3235,5498,0
2026-09-19,cohort,2026-09-11,2026-09-11,Fri,8,OK,5500,1773,1706,286,2087,1354,0,4818,5346,3366,5500,0
2026-09-12,cohort,2026-09-10,2026-09-10,Thu,2,OK,5466,1279,1267,207,2891,1089,0,4755,5312,3075,5466,0
2026-09-13,cohort,2026-09-10,2026-09-10,Thu,3,OK,5468,1360,1340,222,2755,1131,0,4762,5314,3175,5468,0
2026-09-14,cohort,2026-09-10,2026-09-10,Thu,4,OK,5470,1441,1413,236,2619,1174,11,4769,5316,3283,5470,0
2026-09-15,cohort,2026-09-10,2026-09-10,Thu,5,OK,5472,1522,1486,249,2483,1218,0,4777,5318,3040,5472,0
2026-09-16,cohort,2026-09-10,2026-09-10,Thu,6,OK,5475,1603,1557,261,2349,1262,11,4785,5321,3243,5475,0
2026-09-17,cohort,2026-09-10,2026-09-10,Thu,7,OK,5477,1685,1629,273,2214,1305,11,4792,5323,3307,5477,0
2026-09-18,cohort,2026-09-10,2026-09-10,Thu,8,OK,5479,1766,1699,285,2080,1348,0,4799,5325,3154,5479,0
2026-09-19,cohort,2026-09-10,2026-09-10,Thu,9,OK,5481,1848,1770,295,1945,1393,0,4806,5327,3084,5481,0
2026-09-11,cohort,2026-09-09,2026-09-09,Wed,2,OK,4394,1028,1018,166,2324,876,11,3822,4270,2669,4394,0
2026-09-12,cohort,2026-09-09,2026-09-09,Wed,3,OK,4396,1093,1077,178,2214,911,4,3828,4272,2479,4396,0
2026-09-13,cohort,2026-09-09,2026-09-09,Wed,4,OK,4398,1158,1136,189,2105,946,0,3835,4274,2588,4398,0
2026-09-14,cohort,2026-09-09,2026-09-09,Wed,5,OK,4399,1223,1194,200,1996,980,0,3840,4275,2448,4399,0
2026-09-15,cohort,2026-09-09,2026-09-09,Wed,6,OK,4401,1289,1252,210,1888,1014,0,3846,4277,2515,4401,0
2026-09-16,cohort,2026-09-09,2026-09-09,Wed,7,OK,4403,1354,1309,220,1780,1049,0,3852,4279,2635,4403,0
2026-09-17,cohort,2026-09-09,2026-09-09,Wed,8,OK,4405,1420,1366,229,1672,1084,0,3858,4281,2511,4405,0
2026-09-18,cohort,2026-09-09,2026-09-09,Wed,9,OK,4406,1486,1423,237,1564,1119,4,3864,4282,2704,4406,0
2026-09-19,cohort,2026-09-09,2026-09-09,Wed,10,OK,4408,1552,1479,245,1456,1155,4,3870,4284,2505,4408,0
2026-09-10,cohort,2026-09-08,2026-09-08,Tue,2,OK,8193,1917,1899,311,4334,1631,11,7127,7963,4516,8193,0
2026-09-11,cohort,2026-09-08,2026-09-08,Tue,3,OK,8196,2038,2009,333,4129,1696,4,7138,7966,5069,8196,0
2026-09-12,cohort,2026-09-08,2026-09-08,Tue,4,OK,8200,2160,2119,353,3926,1761,0,7150,7970,4519,8200,0
2026-09-13,cohort,2026-09-08,2026-09-08,Tue,5,OK,8203,2282,2228,373,3723,1825,11,7161,7973,4749,8203,0
2026-09-14,cohort,2026-09-08,2026-09-08,Tue,6,OK,8206,2403,2335,392,3520,1891,0,7172,7976,4693,8206,0
2026-09-15,cohort,2026-09-08,2026-09-08,Tue,7,OK,8209,2525,2442,410,3318,1956,0,7182,7979,4992,8209,0
2026-09-16,cohort,2026-09-08,2026-09-08,Tue,8,OK,8213,2648,2548,427,3117,2021,0,7194,7983,4734,8213,0
2026-09-17,cohort,2026-09-08,2026-09-08,Tue,9,OK,8216,2771,2654,443,2916,2086,0,7205,7985,5070,8216,0
2026-09-18,cohort,2026-09-08,2026-09-08,Tue,10,OK,8219,2894,2758,458,2716,2151,0,7216,7988,4738,8219,0
2026-09-19,cohort,2026-09-08,2026-09-08,Tue,11,OK,8223,3018,2862,472,2516,2217,4,7228,7992,4983,8223,0
2026-09-09,cohort,2026-09-07,2026-09-07,Mon,2,OK,3366,787,779,127,1780,672,0,2928,3271,2002,3366,0
2026-09-10,cohort,2026-09-07,2026-09-07,Mon,3,OK,3368,837,825,136,1696,699,0,2933,3273,2050,3368,0
2026-09-11,cohort,2026-09-07,2026-09-07,Mon,4,OK,3369,887,870,145,1613,724,11,2937,3274,1944,3369,0
2026-09-12,cohort,2026-09-07,2026-09-07,Mon,5,OK,3370,937,915,153,1529,751,0,2942,3275,2043,3370,0
2026-09-13,cohort,2026-09-07,2026-09-07,Mon,6,OK,3372,987,959,161,1446,778,0,2947,3277,1924,3372,0
2026-09-14,cohort,2026-09-07,2026-09-07,Mon,7,OK,3373,1037,1002,168,1363,805,0,2951,3278,1925,3373,0
2026-09-15,cohort,2026-09-07,2026-09-07,Mon,8,OK,3374,1088,1047,175,1280,831,0,2955,3279,1972,3374,0
2026-09-16,cohort,2026-09-07,2026-09-07,Mon,9,OK,3376,1138,1089,182,1198,858,0,2960,3281,1882,3376,0
2026-09-17,cohort,2026-09-07,2026-09-07,Mon,10,OK,3377,1189,1133,188,1116,884,11,2965,3282,1949,3377,0
2026-09-18,cohort,2026-09-07,2026-09-07,Mon,11,OK,3378,1239,1175,194,1033,912,0,2969,3283,2078,3378,0
2026-09-19,cohort,2026-09-07,2026-09-07,Mon,12,OK,3380,1291,1218,199,951,939,0,2974,3285,1882,3380,0
2026-09-08,cohort,2026-09-06,2026-09-06,Sun,2,OK,1001,234,231,38,529,200,11,870,972,607,1001,0
2026-09-09,cohort,2026-09-06,2026-09-06,Sun,3,OK,1002,249,245,40,504,209,0,872,973,562,1002,0
2026-09-10,cohort,2026-09-06,2026-09-06,Sun,4,OK,1002,263,258,43,479,217,0,873,973,567,1002,0
2026-09-11,cohort,2026-09-06,2026-09-06,Sun,5,OK,1003,279,272,45,455,224,0,875,974,596,1003,0
2026-09-12,cohort,2026-09-06,2026-09-06,Sun,6,OK,1003,293,284,47,430,233,11,876,974,588,1003,0
2026-09-13,cohort,2026-09-06,2026-09-06,Sun,7,OK,1003,308,297,50,405,240,0,877,974,580,1003,0
2026-09-14,cohort,2026-09-06,2026-09-06,Sun,8,OK,1004,323,310,52,381,248,4,879,975,565,1004,0
2026-09-15,cohort,2026-09-06,2026-09-06,Sun,9,OK,1004,338,323,54,356,256,0,880,975,573,1004,0
2026-09-16,cohort,2026-09-06,2026-09-06,Sun,10,OK,1005,353,336,56,332,264,0,882,976,623,1005,0
2026-09-17,cohort,2026-09-06,2026-09-06,Sun,11,OK,1005,368,349,57,307,273,4,883,976,587,1005,0
2026-09-18,cohort,2026-09-06,2026-09-06,Sun,12,OK,1005,383,361,59,282,281,4,884,976,616,1005,0
2026-09-19,cohort,2026-09-06,2026-09-06,Sun,13,OK,1006,399,374,60,258,289,11,886,977,562,1006,0
2026-09-07,cohort,2026-09-05,2026-09-05,Sat,2,OK,3844,899,890,146,2033,766,0,3344,3736,2126,3844,0
2026-09-08,cohort,2026-09-05,2026-09-05,Sat,3,OK,3845,956,942,156,1937,796,4,3348,3737,2381,3845,0
2026-09-09,cohort,2026-09-05,2026-09-05,Sat,4,OK,3847,1013,994,166,1842,826,0,3354,3739,2282,3847,0
2026-09-10,cohort,2026-09-05,2026-09-05,Sat,5,OK,3848,1070,1044,175,1746,857,0,3359,3740,2339,3848,0
2026-09-11,cohort,2026-09-05,2026-09-05,Sat,6,OK,3850,1127,1095,184,1651,888,0,3364,3742,2348,3850,0
2026-09-12,cohort,2026-09-05,2026-09-05,Sat,7,OK,3851,1184,1145,192,1556,919,0,3369,3743,2304,3851,0
2026-09-13,cohort,2026-09-05,2026-09-05,Sat,8,OK,3853,1242,1195,200,1462,949,0,3375,3745,2290,3853,0
2026-09-14,cohort,2026-09-05,2026-09-05,Sat,9,OK,3854,1299,1244,207,1368,980,0,3379,3746,2207,3854,0
2026-09-15,cohort,2026-09-05,2026-09-05,Sat,10,OK,3856,1357,1293,214,1274,1011,11,3385,3748,2193,3856,0
2026-09-16,cohort,2026-09-05,2026-09-05,Sat,11,OK,3857,1415,1342,221,1180,1041,0,3390,3749,2146,3857,0
2026-09-17,cohort,2026-09-05,2026-09-05,Sat,12,OK,3859,1474,1391,227,1086,1072,4,3395,3750,2353,3859,0
2026-09-18,cohort,2026-09-05,2026-09-05,Sat,13,OK,3860,1532,1438,233,992,1103,0,3400,3751,2220,3860,0
2026-09-19,cohort,2026-09-05,2026-09-05,Sat,14,OK,3862,1591,1486,238,898,1135,11,3406,3753,2265,3862,0
2026-09-06,cohort,2026-09-04,2026-09-04,Fri,2,OK,4827,1129,1118,183,2553,962,4,4199,4691,2898,4827,0
2026-09-07,cohort,2026-09-04,2026-09-04,Fri,3,OK,4829,1201,1184,196,2433,999,0,4206,4693,2736,4829,0
2026-09-08,cohort,2026-09-04,2026-09-04,Fri,4,OK,4831,1272,1248,208,2313,1038,0,4212,4695,2807,4831,0
2026-09-09,cohort,2026-09-04,2026-09-04,Fri,5,OK,4833,1344,1312,220,2193,1076,4,4219,4697,2966,4833,0
2026-09-10,cohort,2026-09-04,2026-09-04,Fri,6,OK,4835,1416,1376,231,2074,1114,0,4225,4699,2910,4835,0
2026-09-11,cohort,2026-09-04,2026-09-04,Fri,7,OK,4837,1488,1439,241,1955,1153,4,4232,4701,2702,4837,0
2026-09-12,cohort,2026-09-04,2026-09-04,Fri,8,OK,4839,1560,1501,251,1837,1191,11,4238,4703,2670,4839,0
2026-09-13,cohort,2026-09-04,2026-09-04,Fri,9,OK,4841,1632,1563,261,1718,1230,4,4245,4705,2828,4841,0
2026-09-14,cohort,2026-09-04,2026-09-04,Fri,10,OK,4843,1705,1625,269,1600,1269,4,4252,4707,2779,4843,0
2026-09-15,cohort,2026-09-04,2026-09-04,Fri,11,OK,4845,1778,1686,278,1482,1307,4,4258,4709,2692,4845,0
2026-09-16,cohort,2026-09-04,2026-09-04,Fri,12,OK,4847,1851,1746,285,1364,1347,11,4265,4711,2939,4847,0
2026-09-17,cohort,2026-09-04,2026-09-04,Fri,13,OK,4849,1924,1806,293,1246,1386,0,4271,4713,2821,4849,0
2026-09-18,cohort,2026-09-04,2026-09-04,Fri,14,OK,4851,1998,1866,299,1128,1426,11,4278,4715,2979,4851,0
2026-09-19,cohort,2026-09-04,2026-09-04,Fri,15,OK,4852,2072,1926,305,1010,1465,11,4284,4716,2948,4852,0
2026-09-05,cohort,2026-09-03,2026-09-03,Thu,2,NA,,,,,,,,,,,,
2026-09-06,cohort,2026-09-03,2026-09-03,Thu,3,OK,5956,1481,1460,242,3000,1233,0,5187,5789,3631,5956,0
2026-09-07,cohort,2026-09-03,2026-09-03,Thu,4,OK,5958,1569,1539,257,2852,1280,0,5195,5791,3532,5958,0
2026-09-08,cohort,2026-09-03,2026-09-03,Thu,5,OK,5960,1658,1619,271,2705,1326,0,5203,5793,3591,5960,0
2026-09-09,cohort,2026-09-03,2026-09-03,Thu,6,OK,5963,1746,1696,285,2558,1374,11,5211,5796,3556,5963,0
2026-09-10,cohort,2026-09-03,2026-09-03,Thu,7,OK,5965,1835,1774,298,2411,1421,4,5219,5797,3601,5965,0
2026-09-11,cohort,2026-09-03,2026-09-03,Thu,8,OK,5968,1924,1851,310,2265,1469,0,5227,5800,3352,5968,0
2026-09-12,cohort,2026-09-03,2026-09-03,Thu,9,OK,5970,2013,1928,322,2119,1516,0,5235,5802,3468,5970,0
2026-09-13,cohort,2026-09-03,2026-09-03,Thu,10,OK,5972,2103,2004,332,1973,1564,0,5243,5804,3443,5972,0
2026-09-14,cohort,2026-09-03,2026-09-03,Thu,11,OK,5975,2193,2079,343,1828,1611,0,5252,5807,3693,5975,0
2026-09-15,cohort,2026-09-03,2026-09-03,Thu,12,OK,5977,2283,2154,352,1682,1660,4,5259,5809,3309,5977,0
2026-09-16,cohort,2026-09-03,2026-09-03,Thu,13,OK,5979,2373,2228,361,1537,1708,11,5267,5811,3447,5979,0
2026-09-17,cohort,2026-09-03,2026-09-03,Thu,14,OK,5982,2464,2302,369,1391,1758,0,5276,5814,3321,5982,0
2026-09-18,cohort,2026-09-03,2026-09-03,Thu,15,OK,5984,2555,2375,377,1246,1806,0,5283,5816,3326,5984,0
2026-09-19,cohort,2026-09-03,2026-09-03,Thu,16,OK,5987,2647,2448,383,1100,1857,4,5292,5819,3384,5987,0
2026-09-04,cohort,2026-09-02,2026-09-02,Wed,2,OK,4695,1098,1087,178,2483,936,11,4084,4563,2827,4695,0
2026-09-05,cohort,2026-09-02,2026-09-02,Wed,3,NA,,,,,,,,,,,,
2026-09-06,cohort,2026-09-02,2026-09-02,Wed,4,OK,4699,1237,1213,202,2249,1011,4,4097,4567,2628,4699,0
2026-09-07,cohort,2026-09-02,2026-09-02,Wed,5,OK,4701,1307,1276,214,2133,1047,0,4103,4569,2661,4701,0
2026-09-08,cohort,2026-09-02,2026-09-02,Wed,6,OK,4703,1377,1338,224,2017,1085,0,4110,4571,2854,4703,0
2026-09-09,cohort,2026-09-02,2026-09-02,Wed,7,OK,4705,1447,1399,235,1902,1121,4,4116,4573,2865,4705,0
2026-09-10,cohort,2026-09-02,2026-09-02,Wed,8,OK,4707,1517,1460,244,1786,1160,11,4123,4575,2903,4707,0
2026-09-11,cohort,2026-09-02,2026-09-02,Wed,9,OK,4708,1588,1521,253,1671,1196,0,4128,4576,2657,4708,0
2026-09-12,cohort,2026-09-02,2026-09-02,Wed,10,OK,4710,1658,1580,262,1556,1234,11,4135,4578,2792,4710,0
2026-09-13,cohort,2026-09-02,2026-09-02,Wed,11,OK,4712,1729,1639,270,1441,1272,4,4141,4580,2867,4712,0
2026-09-14,cohort,2026-09-02,2026-09-02,Wed,12,OK,4714,1800,1698,278,1327,1309,0,4148,4582,2739,4714,0
2026-09-15,cohort,2026-09-02,2026-09-02,Wed,13,OK,4716,1871,1756,285,1212,1348,11,4154,4583,2835,4716,0
2026-09-16,cohort,2026-09-02,2026-09-02,Wed,14,OK,4718,1943,1815,291,1097,1387,11,4161,4585,2739,4718,0
2026-09-17,cohort,2026-09-02,2026-09-02,Wed,15,OK,4720,2015,1873,297,983,1425,11,4167,4587,2924,4720,0
2026-09-18,cohort,2026-09-02,2026-09-02,Wed,16,OK,4722,2088,1931,302,868,1464,11,4174,4589,2822,4722,0
2026-09-19,cohort,2026-09-02,2026-09-02,Wed,17,OK,4723,2160,1987,307,753,1503,11,4179,4590,2726,4723,0
2026-09-03,cohort,2026-09-01,2026-09-01,Tue,2,OK,7306,1709,1692,277,3864,1456,0,6356,7101,4084,7306,0
2026-09-04,cohort,2026-09-01,2026-09-01,Tue,3,OK,7309,1817,1791,297,3682,1513,0,6366,7104,4193,7309,0
2026-09-05,cohort,2026-09-01,2026-09-01,Tue,4,NA,,,,,,,,,,,,
2026-09-06,cohort,2026-09-01,2026-09-01,Tue,5,OK,7315,2034,1986,333,3320,1628,4,6385,7110,4288,7315,0
2026-09-07,cohort,2026-09-01,2026-09-01,Tue,6,OK,7318,2143,2082,350,3139,1686,0,6395,7113,4473,7318,0
2026-09-08,cohort,2026-09-01,2026-09-01,Tue,7,OK,7321,2252,2178,365,2959,1745,0,6405,7116,4461,7321,0
2026-09-09,cohort,2026-09-01,2026-09-01,Tue,8,OK,7324,2361,2272,381,2780,1802,11,6415,7118,4151,7324,0
2026-09-10,cohort,2026-09-01,2026-09-01,Tue,9,OK,7327,2471,2366,395,2601,1860,0,6425,7121,4280,7327,0
2026-09-11,cohort,2026-09-01,2026-09-01,Tue,10,OK,7330,2581,2460,408,2422,1919,4,6435,7124,4434,7330,0
2026-09-12,cohort,2026-09-01,2026-09-01,Tue,11,OK,7333,2691,2552,421,2243,1978,0,6445,7127,4318,7333,0
2026-09-13,cohort,2026-09-01,2026-09-01,Tue,12,OK,7336,2802,2644,432,2065,2037,0,6455,7130,4516,7336,0
2026-09-14,cohort,2026-09-01,2026-09-01,Tue,13,OK,7338,2912,2734,443,1886,2097,0,6464,7132,4088,7338,0
2026-09-15,cohort,2026-09-01,2026-09-01,Tue,14,OK,7341,3024,2825,453,1708,2156,11,6474,7135,4440,7341,0
2026-09-16,cohort,2026-09-01,2026-09-01,Tue,15,OK,7344,3136,2915,462,1529,2217,11,6484,7138,4186,7344,0
2026-09-17,cohort,2026-09-01,2026-09-01,Tue,16,OK,7347,3249,3005,471,1351,2276,4,6494,7141,4481,7347,0
2026-09-18,cohort,2026-09-01,2026-09-01,Tue,17,OK,7350,3362,3094,478,1172,2338,4,6504,7144,4489,7350,0
2026-09-19,cohort,2026-09-01,2026-09-01,Tue,18,OK,7353,3476,3182,485,993,2399,0,6514,7147,4414,7353,0
2026-09-02,cohort,2026-08-31,2026-08-31,Mon,2,OK,3318,776,768,126,1755,661,0,2886,3225,1877,3318,0
2026-09-03,cohort,2026-08-31,2026-08-31,Mon,3,OK,3319,825,813,134,1672,688,4,2890,3226,1862,3319,0
2026-09-04,cohort,2026-08-31,2026-08-31,Mon,4,OK,3321,874,857,143,1590,714,0,2895,3228,1873,3321,0
2026-09-05,cohort,2026-08-31,2026-08-31,Mon,5,NA,,,,,,,,,,,,
2026-09-06,cohort,2026-08-31,2026-08-31,Mon,6,OK,3323,973,945,158,1425,767,4,2904,3229,2037,3323,0
2026-09-07,cohort,2026-08-31,2026-08-31,Mon,7,OK,3325,1023,989,166,1344,792,4,2909,3231,1852,3325,0
2026-09-08,cohort,2026-08-31,2026-08-31,Mon,8,OK,3326,1072,1031,173,1262,819,0,2913,3232,1939,3326,0
2026-09-09,cohort,2026-08-31,2026-08-31,Mon,9,OK,3327,1122,1074,179,1181,845,0,2917,3233,1833,3327,0
2026-09-10,cohort,2026-08-31,2026-08-31,Mon,10,OK,3329,1172,1117,185,1100,872,4,2922,3235,1912,3329,0
2026-09-11,cohort,2026-08-31,2026-08-31,Mon,11,OK,3330,1222,1158,191,1018,899,4,2927,3236,1963,3330,0
2026-09-12,cohort,2026-08-31,2026-08-31,Mon,12,OK,3331,1272,1200,196,937,926,0,2931,3237,1973,3331,0
2026-09-13,cohort,2026-08-31,2026-08-31,Mon,13,OK,3333,1323,1242,201,856,953,0,2936,3239,1863,3333,0
2026-09-14,cohort,2026-08-31,2026-08-31,Mon,14,OK,3334,1373,1282,205,775,981,0,2940,3240,2059,3334,0
2026-09-15,cohort,2026-08-31,2026-08-31,Mon,15,OK,3335,1424,1323,210,694,1007,4,2944,3241,1987,3335,0
2026-09-16,cohort,2026-08-31,2026-08-31,Mon,16,OK,3337,1475,1364,213,613,1036,0,2949,3243,1937,3337,0
2026-09-17,cohort,2026-08-31,2026-08-31,Mon,17,OK,3338,1527,1405,217,532,1062,4,2954,3244,1997,3338,0
2026-09-18,cohort,2026-08-31,2026-08-31,Mon,18,OK,3339,1578,1444,220,451,1090,0,2958,3245,1859,3339,0
2026-09-19,cohort,2026-08-31,2026-08-31,Mon,19,OK,3341,1630,1484,223,369,1119,0,2963,3247,2000,3341,0
2026-09-01,cohort,2026-08-30,2026-08-30,Sun,2,OK,1120,262,259,42,592,224,0,974,1088,658,1120,0
2026-09-02,cohort,2026-08-30,2026-08-30,Sun,3,OK,1121,278,274,45,564,234,0,976,1089,631,1121,0
2026-09-03,cohort,2026-08-30,2026-08-30,Sun,4,OK,1121,295,289,48,536,242,0,977,1089,688,1121,0
2026-09-04,cohort,2026-08-30,2026-08-30,Sun,5,OK,1122,312,304,51,509,250,11,979,1090,667,1122,0
2026-09-05,cohort,2026-08-30,2026-08-30,Sun,6,NA,,,,,,,,,,,,
2026-09-06,cohort,2026-08-30,2026-08-30,Sun,7,OK,1123,345,333,56,454,268,0,982,1091,686,1123,0
2026-09-07,cohort,2026-08-30,2026-08-30,Sun,8,OK,1123,362,348,58,426,277,4,983,1091,692,1123,0
2026-09-08,cohort,2026-08-30,2026-08-30,Sun,9,OK,1124,379,363,60,399,286,4,985,1092,678,1124,0
2026-09-09,cohort,2026-08-30,2026-08-30,Sun,10,OK,1124,395,376,62,371,296,4,986,1092,677,1124,0
2026-09-10,cohort,2026-08-30,2026-08-30,Sun,11,OK,1124,412,390,64,343,305,11,987,1092,665,1124,0
2026-09-11,cohort,2026-08-30,2026-08-30,Sun,12,OK,1125,429,404,66,316,314,4,990,1093,677,1125,0
2026-09-12,cohort,2026-08-30,2026-08-30,Sun,13,OK,1125,446,418,68,289,322,4,991,1093,661,1125,0
2026-09-13,cohort,2026-08-30,2026-08-30,Sun,14,OK,1126,463,432,69,261,333,0,993,1094,657,1126,0
2026-09-14,cohort,2026-08-30,2026-08-30,Sun,15,OK,1126,480,446,70,234,342,0,994,1094,673,1126,0
2026-09-15,cohort,2026-08-30,2026-08-30,Sun,16,OK,1127,498,460,72,207,350,11,996,1095,643,1127,0
2026-09-16,cohort,2026-08-30,2026-08-30,Sun,17,OK,1127,515,473,73,179,360,0,997,1095,673,1127,0
2026-09-17,cohort,2026-08-30,2026-08-30,Sun,18,OK,1128,533,488,74,152,369,11,999,1096,638,1128,0
2026-09-18,cohort,2026-08-30,2026-08-30,Sun,19,OK,1128,550,501,75,124,379,0,1000,1096,630,1128,0
2026-09-19,cohort,2026-08-30,2026-08-30,Sun,20,OK,1128,568,514,76,97,387,0,1001,1096,664,1128,0
2026-08-31,cohort,2026-08-29,2026-08-29,Sat,2,OK,4357,1019,1009,165,2304,869,0,3790,4235,2658,4357,0
2026-09-01,cohort,2026-08-29,2026-08-29,Sat,3,OK,4359,1084,1068,177,2196,902,0,3796,4236,2567,4359,0
2026-09-02,cohort,2026-08-29,2026-08-29,Sat,4,OK,4360,1148,1126,188,2087,937,0,3801,4237,2661,4360,0
2026-09-03,cohort,2026-08-29,2026-08-29,Sat,5,OK,4362,1213,1184,198,1979,972,4,3808,4239,2473,4362,0
2026-09-04,cohort,2026-08-29,2026-08-29,Sat,6,OK,4364,1278,1242,208,1872,1006,0,3814,4241,2686,4364,0
2026-09-05,cohort,2026-08-29,2026-08-29,Sat,7,NA,,,,,,,,,,,,
2026-09-06,cohort,2026-08-29,2026-08-29,Sat,8,OK,4367,1408,1355,227,1657,1075,4,3825,4244,2408,4367,0
2026-09-07,cohort,2026-08-29,2026-08-29,Sat,9,OK,4369,1473,1410,235,1551,1110,0,3831,4246,2671,4369,0
2026-09-08,cohort,2026-08-29,2026-08-29,Sat,10,OK,4371,1539,1466,243,1444,1145,0,3837,4248,2430,4371,0
2026-09-09,cohort,2026-08-29,2026-08-29,Sat,11,OK,4373,1605,1522,251,1338,1179,0,3843,4250,2615,4373,0
2026-09-10,cohort,2026-08-29,2026-08-29,Sat,12,OK,4374,1670,1576,258,1231,1215,0,3849,4251,2693,4374,0
2026-09-11,cohort,2026-08-29,2026-08-29,Sat,13,OK,4376,1737,1631,264,1125,1250,0,3855,4253,2550,4376,0
2026-09-12,cohort,2026-08-29,2026-08-29,Sat,14,OK,4378,1803,1684,270,1018,1287,0,3861,4255,2431,4378,0
2026-09-13,cohort,2026-08-29,2026-08-29,Sat,15,OK,4380,1870,1738,275,912,1323,11,3867,4257,2651,4380,0
2026-09-14,cohort,2026-08-29,2026-08-29,Sat,16,OK,4381,1937,1791,280,805,1359,0,3872,4258,2492,4381,0
2026-09-15,cohort,2026-08-29,2026-08-29,Sat,17,OK,4383,2005,1845,285,699,1394,0,3878,4260,2690,4383,0
2026-09-16,cohort,2026-08-29,2026-08-29,Sat,18,OK,4385,2073,1898,289,592,1431,0,3885,4262,2483,4385,0
2026-09-17,cohort,2026-08-29,2026-08-29,Sat,19,OK,4387,2141,1950,292,485,1469,4,3891,4264,2644,4387,0
2026-09-18,cohort,2026-08-29,2026-08-29,Sat,20,OK,4388,2210,2002,295,378,1505,11,3896,4265,2483,4388,0
2026-09-19,cohort,2026-08-29,2026-08-29,Sat,21,OK,4390,2279,2054,298,270,1543,4,3902,4267,2685,4390,0
2026-08-30,cohort,2026-08-28,2026-08-28,Fri,2,OK,5318,1244,1232,202,2813,1059,0,4626,5169,2974,5318,0
2026-08-31,cohort,2026-08-28,2026-08-28,Fri,3,OK,5320,1323,1304,216,2680,1101,4,4633,5171,3194,5320,0
2026-09-01,cohort,2026-08-28,2026-08-28,Fri,4,OK,5322,1402,1375,229,2548,1143,11,4640,5172,3008,5322,0
2026-09-02,cohort,2026-08-28,2026-08-28,Fri,5,OK,5324,1481,1446,242,2416,1185,11,4647,5174,3276,5324,0
2026-09-03,cohort,2026-08-28,2026-08-28,Fri,6,OK,5326,1560,1516,254,2285,1227,0,4654,5176,3261,5326,0
2026-09-04,cohort,2026-08-28,2026-08-28,Fri,7,OK,5328,1639,1585,266,2154,1269,0,4662,5178,3007,5328,0
2026-09-05,cohort,2026-08-28,2026-08-28,Fri,8,NA,,,,,,,,,,,,
2026-09-06,cohort,2026-08-28,2026-08-28,Fri,9,OK,5333,1798,1722,287,1893,1355,11,4677,5183,3218,5333,0
2026-09-07,cohort,2026-08-28,2026-08-28,Fri,10,OK,5335,1878,1789,297,1763,1397,0,4684,5185,3211,5335,0
2026-09-08,cohort,2026-08-28,2026-08-28,Fri,11,OK,5337,1958,1857,306,1632,1441,0,4691,5187,3298,5337,0
2026-09-09,cohort,2026-08-28,2026-08-28,Fri,12,OK,5339,2039,1924,314,1503,1483,4,4698,5189,2992,5339,0
2026-09-10,cohort,2026-08-28,2026-08-28,Fri,13,OK,5341,2120,1990,322,1373,1526,0,4705,5191,2990,5341,0
2026-09-11,cohort,2026-08-28,2026-08-28,Fri,14,OK,5343,2201,2056,330,1243,1569,11,4712,5193,3113,5343,0
2026-09-12,cohort,2026-08-28,2026-08-28,Fri,15,OK,5345,2282,2121,336,1113,1614,4,4719,5195,3106,5345,0
2026-09-13,cohort,2026-08-28,2026-08-28,Fri,16,OK,5348,2365,2187,342,983,1658,4,4727,5198,3201,5348,0
2026-09-14,cohort,2026-08-28,2026-08-28,Fri,17,OK,5350,2447,2252,348,853,1702,0,4734,5200,3267,5350,0
2026-09-15,cohort,2026-08-28,2026-08-28,Fri,18,OK,5352,2530,2316,353,722,1747,0,4741,5202,3078,5352,0
2026-09-16,cohort,2026-08-28,2026-08-28,Fri,19,OK,5354,2613,2380,357,592,1792,4,4748,5204,3034,5354,0
2026-09-17,cohort,2026-08-28,2026-08-28,Fri,20,OK,5356,2697,2444,361,461,1837,11,4756,5206,3221,5356,0
2026-09-18,cohort,2026-08-28,2026-08-28,Fri,21,OK,5358,2782,2508,364,330,1882,0,4763,5207,3234,5358,0
2026-09-19,cohort,2026-08-28,2026-08-28,Fri,22,OK,5360,2867,2571,366,198,1929,11,4770,5209,3182,5360,0
2026-08-29,cohort,2026-08-27,2026-08-27,Thu,2,OK,5444,1273,1261,206,2879,1086,4,4736,5291,3133,5444,0
2026-08-30,cohort,2026-08-27,2026-08-27,Thu,3,OK,5446,1354,1334,221,2743,1128,11,4743,5293,3297,5446,0
2026-08-31,cohort,2026-08-27,2026-08-27,Thu,4,OK,5448,1435,1408,235,2608,1170,11,4750,5295,3130,5448,0
2026-09-01,cohort,2026-08-27,2026-08-27,Thu,5,OK,5450,1516,1480,248,2473,1213,11,4757,5297,3017,5450,0
2026-09-02,cohort,2026-08-27,2026-08-27,Thu,6,OK,5453,1597,1552,260,2339,1257,4,4765,5300,3012,5453,0
2026-09-03,cohort,2026-08-27,2026-08-27,Thu,7,OK,5455,1678,1622,272,2205,1300,4,4773,5302,3123,5455,0
2026-09-04,cohort,2026-08-27,2026-08-27,Thu,8,OK,5457,1759,1693,283,2071,1344,4,4780,5304,3178,5457,0
2026-09-05,cohort,2026-08-27,2026-08-27,Thu,9,NA,,,,,,,,,,,,
2026-09-06,cohort,2026-08-27,2026-08-27,Thu,10,OK,5461,1923,1832,304,1804,1430,4,4794,5308,3005,5461,0
2026-09-07,cohort,2026-08-27,2026-08-27,Thu,11,OK,5463,2005,1901,313,1671,1474,0,4801,5310,3098,5463,0
2026-09-08,cohort,2026-08-27,2026-08-27,Thu,12,OK,5466,2087,1969,322,1538,1519,0,4810,5312,3260,5466,0
2026-09-09,cohort,2026-08-27,2026-08-27,Thu,13,OK,5468,2170,2037,330,1405,1563,0,4817,5314,3261,5468,0
2026-09-10,cohort,2026-08-27,2026-08-27,Thu,14,OK,5470,2253,2105,337,1272,1608,0,4824,5316,3090,5470,0
2026-09-11,cohort,2026-08-27,2026-08-27,Thu,15,OK,5472,2336,2171,344,1139,1653,11,4831,5318,3280,5472,0
2026-09-12,cohort,2026-08-27,2026-08-27,Thu,16,OK,5474,2420,2238,350,1006,1698,0,4839,5320,3121,5474,0
2026-09-13,cohort,2026-08-27,2026-08-27,Thu,17,OK,5476,2505,2305,356,873,1742,0,4846,5322,3374,5476,0
2026-09-14,cohort,2026-08-27,2026-08-27,Thu,18,OK,5479,2590,2371,361,740,1788,0,4854,5325,3134,5479,0
2026-09-15,cohort,2026-08-27,2026-08-27,Thu,19,OK,5481,2675,2436,365,606,1835,0,4861,5327,3084,5481,0
2026-09-16,cohort,2026-08-27,2026-08-27,Thu,20,OK,5483,2761,2502,369,472,1881,0,4868,5329,3205,5483,0
2026-09-17,cohort,2026-08-27,2026-08-27,Thu,21,OK,5485,2848,2567,372,338,1927,0,4876,5331,3051,5485,0
2026-09-18,cohort,2026-08-27,2026-08-27,Thu,22,OK,5487,2935,2632,375,203,1974,11,4883,5333,3346,5487,0
2026-09-19,cohort,2026-08-27,2026-08-27,Thu,23,OK,5490,2936,2619,375,203,1976,11,4886,5336,3388,5490,0
2026-08-28,cohort,2026-08-26,2026-08-26,Wed,2,OK,5346,1250,1238,203,2828,1065,0,4651,5196,3035,5346,0
2026-08-29,cohort,2026-08-26,2026-08-26,Wed,3,OK,5348,1330,1311,217,2694,1107,4,4658,5198,3307,5348,0
2026-08-30,cohort,2026-08-26,2026-08-26,Wed,4,OK,5350,1409,1382,230,2561,1150,4,4665,5200,3181,5350,0
2026-08-31,cohort,2026-08-26,2026-08-26,Wed,5,OK,5352,1488,1453,243,2429,1192,0,4672,5202,3046,5352,0
2026-09-01,cohort,2026-08-26,2026-08-26,Wed,6,OK,5354,1568,1523,256,2297,1233,4,4679,5204,3113,5354,0
2026-09-02,cohort,2026-08-26,2026-08-26,Wed,7,OK,5356,1648,1593,267,2165,1276,0,4686,5206,3298,5356,0
2026-09-03,cohort,2026-08-26,2026-08-26,Wed,8,OK,5359,1728,1663,278,2034,1319,0,4694,5208,3081,5359,0
2026-09-04,cohort,2026-08-26,2026-08-26,Wed,9,OK,5361,1808,1731,289,1903,1361,0,4701,5210,2958,5361,0
2026-09-05,cohort,2026-08-26,2026-08-26,Wed,10,NA,,,,,,,,,,,,
2026-09-06,cohort,2026-08-26,2026-08-26,Wed,11,OK,5365,1969,1867,308,1641,1447,0,4715,5214,3057,5365,0
2026-09-07,cohort,2026-08-26,2026-08-26,Wed,12,OK,5367,2050,1934,316,1510,1491,0,4722,5216,3188,5367,0
2026-09-08,cohort,2026-08-26,2026-08-26,Wed,13,OK,5369,2131,2001,324,1380,1534,0,4730,5218,3220,5369,0
2026-09-09,cohort,2026-08-26,2026-08-26,Wed,14,OK,5371,2212,2066,331,1249,1579,4,4737,5220,3163,5371,0
2026-09-10,cohort,2026-08-26,2026-08-26,Wed,15,OK,5374,2295,2133,338,1119,1622,0,4745,5223,3271,5374,0
2026-09-11,cohort,2026-08-26,2026-08-26,Wed,16,OK,5376,2377,2198,344,988,1667,4,4752,5225,3121,5376,0
2026-09-12,cohort,2026-08-26,2026-08-26,Wed,17,OK,5378,2460,2263,350,857,1711,11,4759,5227,3122,5378,0
2026-09-13,cohort,2026-08-26,2026-08-26,Wed,18,OK,5380,2543,2328,355,726,1756,0,4766,5229,3004,5380,0
2026-09-14,cohort,2026-08-26,2026-08-26,Wed,19,OK,5382,2627,2393,359,595,1801,11,4773,5231,3107,5382,0
2026-09-15,cohort,2026-08-26,2026-08-26,Wed,20,OK,5384,2711,2456,362,463,1848,0,4780,5233,3252,5384,0
2026-09-16,cohort,2026-08-26,2026-08-26,Wed,21,OK,5386,2796,2520,365,332,1893,0,4788,5235,2975,5386,0
2026-09-17,cohort,2026-08-26,2026-08-26,Wed,22,OK,5389,2882,2584,368,199,1940,11,4796,5238,3087,5389,0
2026-09-18,cohort,2026-08-26,2026-08-26,Wed,23,OK,5391,2883,2572,368,199,1941,0,4797,5240,3090,5391,0
2026-09-19,cohort,2026-08-26,2026-08-26,Wed,24,OK,5393,2884,2559,368,200,1941,11,4799,5241,3331,5393,0
2026-08-27,cohort,2026-08-25,2026-08-25,Tue,2,OK,8160,1909,1891,310,4316,1625,0,7099,7931,4631,8160,0
2026-08-28,cohort,2026-08-25,2026-08-25,Tue,3,OK,8163,2030,2001,331,4112,1690,0,7109,7934,4664,8163,0
2026-08-29,cohort,2026-08-25,2026-08-25,Tue,4,OK,8167,2151,2110,352,3910,1754,0,7121,7938,4757,8167,0
2026-08-30,cohort,2026-08-25,2026-08-25,Tue,5,OK,8170,2272,2218,372,3708,1818,4,7132,7941,4938,8170,0
2026-08-31,cohort,2026-08-25,2026-08-25,Tue,6,OK,8173,2394,2326,390,3506,1883,0,7143,7944,4676,8173,0
2026-09-01,cohort,2026-08-25,2026-08-25,Tue,7,OK,8176,2515,2432,408,3305,1948,4,7154,7947,4729,8176,0
2026-09-02,cohort,2026-08-25,2026-08-25,Tue,8,OK,8180,2637,2538,425,3105,2013,0,7165,7950,5059,8180,0
2026-09-03,cohort,2026-08-25,2026-08-25,Tue,9,OK,8183,2760,2643,441,2905,2077,0,7176,7953,4674,8183,0
2026-09-04,cohort,2026-08-25,2026-08-25,Tue,10,OK,8186,2882,2746,456,2705,2143,4,7187,7956,4912,8186,0
2026-09-05,cohort,2026-08-25,2026-08-25,Tue,11,NA,,,,,,,,,,,,
2026-09-06,cohort,2026-08-25,2026-08-25,Tue,12,OK,8193,3129,2952,483,2306,2275,11,7209,7963,4908,8193,0
2026-09-07,cohort,2026-08-25,2026-08-25,Tue,13,OK,8196,3253,3054,495,2107,2341,4,7220,7966,4538,8196,0
2026-09-08,cohort,2026-08-25,2026-08-25,Tue,14,OK,8199,3377,3155,506,1907,2409,0,7231,7969,4746,8199,0
2026-09-09,cohort,2026-08-25,2026-08-25,Tue,15,OK,8202,3502,3255,516,1708,2476,0,7242,7972,5036,8202,0
2026-09-10,cohort,2026-08-25,2026-08-25,Tue,16,OK,8206,3628,3355,526,1508,2544,0,7254,7976,4544,8206,0
2026-09-11,cohort,2026-08-25,2026-08-25,Tue,17,OK,8209,3755,3455,534,1309,2611,0,7264,7979,5078,8209,0
2026-09-12,cohort,2026-08-25,2026-08-25,Tue,18,OK,8212,3882,3554,541,1109,2680,0,7275,7982,4832,8212,0
2026-09-13,cohort,2026-08-25,2026-08-25,Tue,19,OK,8215,4010,3652,548,908,2749,0,7286,7984,4994,8215,0
2026-09-14,cohort,2026-08-25,2026-08-25,Tue,20,OK,8219,4139,3750,554,708,2818,0,7298,7988,4758,8219,0
2026-09-15,cohort,2026-08-25,2026-08-25,Tue,21,OK,8222,4269,3848,558,506,2889,11,7309,7991,4713,8222,0
2026-09-16,cohort,2026-08-25,2026-08-25,Tue,22,OK,8225,4399,3945,562,305,2959,11,7320,7994,4589,8225,0
2026-09-17,cohort,2026-08-25,2026-08-25,Tue,23,OK,8229,4401,3926,562,305,2961,0,7323,7998,4888,8229,0
2026-09-18,cohort,2026-08-25,2026-08-25,Tue,24,OK,8232,4403,3907,562,305,2962,0,7326,8001,5061,8232,0
2026-09-19,cohort,2026-08-25,2026-08-25,Tue,25,OK,8235,4405,3888,563,305,2962,11,7329,8004,5076,8235,0
2026-08-26,cohort,2026-08-24,2026-08-24,Mon,2,OK,2763,646,639,104,1461,552,0,2403,2685,1578,2763,0
2026-08-27,cohort,2026-08-24,2026-08-24,Mon,3,OK,2764,687,677,112,1392,573,0,2407,2686,1712,2764,0
2026-08-28,cohort,2026-08-24,2026-08-24,Mon,4,OK,2765,728,714,119,1323,595,11,2411,2687,1672,2765,0
2026-08-29,cohort,2026-08-24,2026-08-24,Mon,5,OK,2766,769,750,126,1255,616,0,2414,2688,1703,2766,0
2026-08-30,cohort,2026-08-24,2026-08-24,Mon,6,OK,2767,810,787,132,1187,638,11,2418,2689,1648,2767,0
2026-08-31,cohort,2026-08-24,2026-08-24,Mon,7,OK,2768,851,823,138,1119,660,0,2422,2690,1657,2768,0
2026-09-01,cohort,2026-08-24,2026-08-24,Mon,8,OK,2769,892,858,144,1051,682,0,2425,2691,1669,2769,0
2026-09-02,cohort,2026-08-24,2026-08-24,Mon,9,OK,2770,934,894,149,983,704,4,2429,2692,1557,2770,0
2026-09-03,cohort,2026-08-24,2026-08-24,Mon,10,OK,2772,976,930,154,916,726,4,2433,2694,1596,2772,0
2026-09-04,cohort,2026-08-24,2026-08-24,Mon,11,OK,2773,1017,964,159,848,749,11,2437,2695,1551,2773,0
2026-09-05,cohort,2026-08-24,2026-08-24,Mon,12,NA,,,,,,,,,,,,
2026-09-06,cohort,2026-08-24,2026-08-24,Mon,13,OK,2775,1101,1033,167,713,794,0,2444,2697,1577,2775,0
2026-09-07,cohort,2026-08-24,2026-08-24,Mon,14,OK,2776,1143,1067,171,645,817,0,2448,2698,1630,2776,0
2026-09-08,cohort,2026-08-24,2026-08-24,Mon,15,OK,2777,1185,1101,174,578,840,0,2452,2699,1609,2777,0
2026-09-09,cohort,2026-08-24,2026-08-24,Mon,16,OK,2778,1228,1135,178,510,862,4,2455,2700,1605,2778,0
2026-09-10,cohort,2026-08-24,2026-08-24,Mon,17,OK,2779,1271,1169,180,443,885,0,2459,2701,1688,2779,0
2026-09-11,cohort,2026-08-24,2026-08-24,Mon,18,OK,2780,1314,1203,183,375,908,0,2463,2702,1566,2780,0
2026-09-12,cohort,2026-08-24,2026-08-24,Mon,19,OK,2781,1357,1236,185,307,932,0,2466,2703,1548,2781,0
2026-09-13,cohort,2026-08-24,2026-08-24,Mon,20,OK,2783,1401,1269,187,239,956,0,2471,2705,1579,2783,0
2026-09-14,cohort,2026-08-24,2026-08-24,Mon,21,OK,2784,1445,1302,189,171,979,0,2474,2706,1708,2784,0
2026-09-15,cohort,2026-08-24,2026-08-24,Mon,22,OK,2785,1489,1335,190,103,1003,11,2478,2707,1612,2785,0
2026-09-16,cohort,2026-08-24,2026-08-24,Mon,23,OK,2786,1490,1329,190,103,1003,0,2479,2707,1703,2786,0
2026-09-17,cohort,2026-08-24,2026-08-24,Mon,24,OK,2787,1490,1322,190,103,1004,0,2480,2708,1599,2787,0
2026-09-18,cohort,2026-08-24,2026-08-24,Mon,25,OK,2788,1491,1316,190,103,1004,0,2481,2709,1542,2788,0
2026-09-19,cohort,2026-08-24,2026-08-24,Mon,26,OK,2789,1491,1309,190,103,1005,11,2482,2710,1680,2789,0
2026-08-25,cohort,2026-08-23,2026-08-23,Sun,2,OK,935,218,215,35,494,188,0,813,908,554,935,0
2026-08-26,cohort,2026-08-23,2026-08-23,Sun,3,OK,936,232,228,38,471,195,0,815,909,560,936,0
2026-08-27,cohort,2026-08-23,2026-08-23,Sun,4,OK,936,246,241,40,448,202,11,816,909,576,936,0
2026-08-28,cohort,2026-08-23,2026-08-23,Sun,5,OK,936,260,253,42,424,210,0,817,909,536,936,0
2026-08-29,cohort,2026-08-23,2026-08-23,Sun,6,OK,937,274,266,44,402,217,11,818,910,571,937,0
2026-08-30,cohort,2026-08-23,2026-08-23,Sun,7,OK,937,288,278,46,378,225,4,819,910,575,937,0
2026-08-31,cohort,2026-08-23,2026-08-23,Sun,8,OK,937,302,290,48,355,232,0,820,910,564,937,0
2026-09-01,cohort,2026-08-23,2026-08-23,Sun,9,OK,938,316,302,50,333,239,0,822,911,535,938,0
2026-09-02,cohort,2026-08-23,2026-08-23,Sun,10,OK,938,330,314,52,309,247,4,823,911,537,938,0
2026-09-03,cohort,2026-08-23,2026-08-23,Sun,11,OK,939,344,326,53,287,255,0,825,912,518,939,0
2026-09-04,cohort,2026-08-23,2026-08-23,Sun,12,OK,939,358,337,55,264,262,11,826,912,573,939,0
2026-09-05,cohort,2026-08-23,2026-08-23,Sun,13,NA,,,,,,,,,,,,
2026-09-06,cohort,2026-08-23,2026-08-23,Sun,14,OK,940,387,361,58,218,277,0,829,913,526,940,0
2026-09-07,cohort,2026-08-23,2026-08-23,Sun,15,OK,940,401,372,59,195,285,4,830,913,562,940,0
2026-09-08,cohort,2026-08-23,2026-08-23,Sun,16,OK,940,415,383,60,172,293,0,830,913,525,940,0
2026-09-09,cohort,2026-08-23,2026-08-23,Sun,17,OK,941,430,395,61,150,300,0,832,914,532,941,0
2026-09-10,cohort,2026-08-23,2026-08-23,Sun,18,OK,941,444,406,62,127,308,4,833,914,574,941,0
2026-09-11,cohort,2026-08-23,2026-08-23,Sun,19,OK,942,459,418,62,104,317,0,835,915,543,942,0
2026-09-12,cohort,2026-08-23,2026-08-23,Sun,20,OK,942,474,429,63,81,324,4,836,915,573,942,0
2026-09-13,cohort,2026-08-23,2026-08-23,Sun,21,OK,942,489,440,64,58,331,0,837,915,575,942,0
2026-09-14,cohort,2026-08-23,2026-08-23,Sun,22,OK,943,504,452,64,34,341,0,839,916,527,943,0
2026-09-15,cohort,2026-08-23,2026-08-23,Sun,23,OK,943,504,449,64,34,341,4,839,916,563,943,0
2026-09-16,cohort,2026-08-23,2026-08-23,Sun,24,OK,943,504,447,64,34,341,11,839,916,519,943,0
2026-09-17,cohort,2026-08-23,2026-08-23,Sun,25,OK,944,504,444,64,35,341,0,840,917,568,944,0
2026-09-18,cohort,2026-08-23,2026-08-23,Sun,26,OK,944,504,442,64,35,341,0,840,917,520,944,0
2026-09-19,cohort,2026-08-23,2026-08-23,Sun,27,OK,945,505,441,64,35,341,0,841,918,541,945,0
2026-08-24,cohort,2026-08-22,2026-08-22,Sat,2,OK,4309,1008,998,163,2279,859,0,3748,4188,2599,4309,0
2026-08-25,cohort,2026-08-22,2026-08-22,Sat,3,OK,4311,1072,1056,175,2172,892,4,3754,4190,2523,4311,0
2026-08-26,cohort,2026-08-22,2026-08-22,Sat,4,OK,4312,1136,1114,186,2064,926,0,3760,4191,2415,4312,0
2026-08-27,cohort,2026-08-22,2026-08-22,Sat,5,OK,4314,1200,1171,196,1958,960,0,3766,4193,2508,4314,0
2026-08-28,cohort,2026-08-22,2026-08-22,Sat,6,OK,4316,1264,1228,206,1851,995,11,3772,4195,2450,4316,0
2026-08-29,cohort,2026-08-22,2026-08-22,Sat,7,OK,4318,1328,1284,215,1745,1030,4,3778,4197,2607,4318,0
2026-08-30,cohort,2026-08-22,2026-08-22,Sat,8,OK,4319,1392,1339,224,1639,1064,0,3783,4198,2528,4319,0
2026-08-31,cohort,2026-08-22,2026-08-22,Sat,9,OK,4321,1457,1395,233,1534,1097,4,3789,4200,2447,4321,0
2026-09-01,cohort,2026-08-22,2026-08-22,Sat,10,OK,4323,1522,1450,240,1428,1133,4,3795,4201,2556,4323,0
2026-09-02,cohort,2026-08-22,2026-08-22,Sat,11,OK,4324,1587,1505,248,1323,1166,0,3800,4202,2485,4324,0
2026-09-03,cohort,2026-08-22,2026-08-22,Sat,12,OK,4326,1652,1559,255,1217,1202,0,3806,4204,2664,4326,0
2026-09-04,cohort,2026-08-22,2026-08-22,Sat,13,OK,4328,1717,1612,261,1112,1238,4,3812,4206,2396,4328,0
2026-09-05,cohort,2026-08-22,2026-08-22,Sat,14,NA,,,,,,,,,,,,
2026-09-06,cohort,2026-08-22,2026-08-22,Sat,15,OK,4331,1849,1718,272,902,1308,0,3824,4209,2438,4331,0
2026-09-07,cohort,2026-08-22,2026-08-22,Sat,16,OK,4333,1916,1772,277,796,1344,0,3830,4211,2514,4333,0
2026-09-08,cohort,2026-08-22,2026-08-22,Sat,17,OK,4335,1983,1824,282,691,1379,0,3836,4213,2391,4335,0
2026-09-09,cohort,2026-08-22,2026-08-22,Sat,18,OK,4337,2050,1877,286,585,1416,11,3842,4215,2460,4337,0
2026-09-10,cohort,2026-08-22,2026-08-22,Sat,19,OK,4338,2117,1928,289,479,1453,0,3847,4216,2637,4338,0
2026-09-11,cohort,2026-08-22,2026-08-22,Sat,20,OK,4340,2185,1980,292,373,1490,4,3853,4218,2460,4340,0
2026-09-12,cohort,2026-08-22,2026-08-22,Sat,21,OK,4342,2254,2032,295,267,1526,11,3860,4220,2532,4342,0
2026-09-13,cohort,2026-08-22,2026-08-22,Sat,22,OK,4343,2323,2083,296,161,1563,0,3865,4221,2429,4343,0
2026-09-14,cohort,2026-08-22,2026-08-22,Sat,23,OK,4345,2324,2073,297,161,1563,0,3867,4223,2689,4345,0
2026-09-15,cohort,2026-08-22,2026-08-22,Sat,24,OK,4347,2325,2063,297,161,1564,4,3868,4225,2493,4347,0
2026-09-16,cohort,2026-08-22,2026-08-22,Sat,25,OK,4349,2326,2053,297,161,1565,11,3870,4227,2599,4349,0
2026-09-17,cohort,2026-08-22,2026-08-22,Sat,26,OK,4350,2326,2042,297,161,1566,0,3871,4228,2575,4350,0
2026-09-18,cohort,2026-08-22,2026-08-22,Sat,27,OK,4352,2327,2032,297,161,1567,0,3873,4230,2549,4352,0
2026-09-19,cohort,2026-08-22,2026-08-22,Sat,28,OK,4354,2329,2023,297,161,1567,0,3875,4232,2427,4354,0
2026-08-23,cohort,2026-08-21,2026-08-21,Fri,2,OK,5330,1247,1235,202,2819,1062,11,4637,5180,3102,5330,0
2026-08-24,cohort,2026-08-21,2026-08-21,Fri,3,OK,5332,1326,1307,216,2686,1104,0,4644,5182,2941,5332,0
2026-08-25,cohort,2026-08-21,2026-08-21,Fri,4,OK,5334,1405,1378,230,2554,1145,0,4651,5184,2959,5334,0
2026-08-26,cohort,2026-08-21,2026-08-21,Fri,5,OK,5336,1484,1449,243,2421,1188,11,4658,5186,3038,5336,0
2026-08-27,cohort,2026-08-21,2026-08-21,Fri,6,OK,5338,1563,1519,255,2290,1230,11,4665,5188,3003,5338,0
2026-08-28,cohort,2026-08-21,2026-08-21,Fri,7,OK,5340,1643,1589,266,2158,1273,0,4672,5190,3027,5340,0
2026-08-29,cohort,2026-08-21,2026-08-21,Fri,8,OK,5343,1723,1658,277,2028,1315,11,4680,5193,3079,5343,0
2026-08-30,cohort,2026-08-21,2026-08-21,Fri,9,OK,5345,1802,1725,288,1897,1358,4,4687,5195,3309,5345,0
2026-08-31,cohort,2026-08-21,2026-08-21,Fri,10,OK,5347,1882,1793,298,1767,1400,4,4694,5197,3263,5347,0
2026-09-01,cohort,2026-08-21,2026-08-21,Fri,11,OK,5349,1963,1861,307,1636,1443,0,4701,5199,3177,5349,0
2026-09-02,cohort,2026-08-21,2026-08-21,Fri,12,OK,5351,2043,1928,315,1506,1487,0,4708,5201,3196,5351,0
2026-09-03,cohort,2026-08-21,2026-08-21,Fri,13,OK,5353,2124,1994,323,1376,1530,4,4715,5203,3090,5353,0
2026-09-04,cohort,2026-08-21,2026-08-21,Fri,14,OK,5355,2206,2061,330,1245,1574,0,4723,5205,3173,5355,0
2026-09-05,cohort,2026-08-21,2026-08-21,Fri,15,NA,,,,,,,,,,,,
2026-09-06,cohort,2026-08-21,2026-08-21,Fri,16,OK,5360,2370,2192,343,985,1662,4,4738,5209,3305,5360,0
2026-09-07,cohort,2026-08-21,2026-08-21,Fri,17,OK,5362,2452,2256,349,855,1706,0,4745,5211,2990,5362,0
2026-09-08,cohort,2026-08-21,2026-08-21,Fri,18,OK,5364,2535,2321,353,724,1752,11,4752,5213,3248,5364,0
2026-09-09,cohort,2026-08-21,2026-08-21,Fri,19,OK,5366,2619,2385,358,593,1796,0,4759,5215,3171,5366,0
2026-09-10,cohort,2026-08-21,2026-08-21,Fri,20,OK,5368,2703,2449,361,462,1842,0,4766,5217,3203,5368,0
2026-09-11,cohort,2026-08-21,2026-08-21,Fri,21,OK,5370,2788,2513,364,331,1887,0,4773,5219,3023,5370,0
2026-09-12,cohort,2026-08-21,2026-08-21,Fri,22,OK,5372,2873,2576,367,199,1933,11,4781,5221,2956,5372,0
2026-09-13,cohort,2026-08-21,2026-08-21,Fri,23,OK,5374,2874,2564,367,199,1934,11,4782,5223,3323,5374,0
2026-09-14,cohort,2026-08-21,2026-08-21,Fri,24,OK,5377,2876,2552,367,199,1935,0,4785,5226,3196,5377,0
2026-09-15,cohort,2026-08-21,2026-08-21,Fri,25,OK,5379,2877,2539,367,199,1936,11,4787,5228,3167,5379,0
2026-09-16,cohort,2026-08-21,2026-08-21,Fri,26,OK,5381,2878,2527,367,199,1937,11,4789,5230,2995,5381,0
2026-09-17,cohort,2026-08-21,2026-08-21,Fri,27,OK,5383,2879,2514,368,199,1937,0,4790,5232,3124,5383,0
2026-09-18,cohort,2026-08-21,2026-08-21,Fri,28,OK,5385,2880,2502,368,199,1938,11,4792,5234,3242,5385,0
2026-09-19,cohort,2026-08-21,2026-08-21,Fri,29,OK,5387,2881,2489,368,199,1939,11,4794,5236,3165,5387,0
2026-08-22,cohort,2026-08-20,2026-08-20,Thu,2,OK,5159,1207,1195,196,2729,1027,4,4488,5014,2998,5159,0
2026-08-23,cohort,2026-08-20,2026-08-20,Thu,3,OK,5161,1283,1264,209,2600,1069,0,4495,5016,2868,5161,0
2026-08-24,cohort,2026-08-20,2026-08-20,Thu,4,OK,5163,1360,1334,222,2472,1109,0,4502,5018,3079,5163,0
2026-08-25,cohort,2026-08-20,2026-08-20,Thu,5,OK,5165,1436,1402,235,2344,1150,0,4509,5020,3041,5165,0
2026-08-26,cohort,2026-08-20,2026-08-20,Thu,6,OK,5167,1513,1470,247,2216,1191,11,4515,5022,3136,5167,0
2026-08-27,cohort,2026-08-20,2026-08-20,Thu,7,OK,5169,1590,1537,258,2089,1232,11,4522,5024,3092,5169,0
2026-08-28,cohort,2026-08-20,2026-08-20,Thu,8,OK,5171,1667,1604,269,1963,1272,11,4529,5026,3135,5171,0
2026-08-29,cohort,2026-08-20,2026-08-20,Thu,9,OK,5173,1744,1670,279,1836,1314,11,4536,5028,3035,5173,0
2026-08-30,cohort,2026-08-20,2026-08-20,Thu,10,OK,5175,1822,1736,288,1710,1355,4,4543,5030,3172,5175,0
2026-08-31,cohort,2026-08-20,2026-08-20,Thu,11,OK,5177,1900,1802,297,1584,1396,0,4550,5032,2956,5177,0
2026-09-01,cohort,2026-08-20,2026-08-20,Thu,12,OK,5179,1978,1866,305,1457,1439,0,4557,5033,2985,5179,0
2026-09-02,cohort,2026-08-20,2026-08-20,Thu,13,OK,5181,2056,1930,313,1331,1481,11,4564,5035,2934,5181,0
2026-09-03,cohort,2026-08-20,2026-08-20,Thu,14,OK,5183,2135,1994,320,1205,1523,11,4571,5037,3118,5183,0
2026-09-04,cohort,2026-08-20,2026-08-20,Thu,15,OK,5185,2214,2058,326,1079,1566,0,4578,5039,3024,5185,0
2026-09-05,cohort,2026-08-20,2026-08-20,Thu,16,NA,,,,,,,,,,,,
2026-09-06,cohort,2026-08-20,2026-08-20,Thu,17,OK,5190,2374,2184,337,827,1652,0,4593,5044,2953,5190,0
2026-09-07,cohort,2026-08-20,2026-08-20,Thu,18,OK,5192,2454,2246,342,701,1695,4,4600,5046,2962,5192,0
2026-09-08,cohort,2026-08-20,2026-08-20,Thu,19,OK,5194,2535,2309,346,574,1739,4,4607,5048,2966,5194,0
2026-09-09,cohort,2026-08-20,2026-08-20,Thu,20,OK,5196,2617,2371,350,447,1782,11,4614,5050,3187,5196,0
2026-09-10,cohort,2026-08-20,2026-08-20,Thu,21,OK,5198,2698,2432,353,320,1827,0,4621,5052,3123,5198,0
2026-09-11,cohort,2026-08-20,2026-08-20,Thu,22,OK,5200,2781,2494,355,192,1872,11,4628,5054,3119,5200,0
2026-09-12,cohort,2026-08-20,2026-08-20,Thu,23,OK,5202,2782,2482,355,192,1873,0,4629,5056,2868,5202,0
2026-09-13,cohort,2026-08-20,2026-08-20,Thu,24,OK,5204,2783,2469,355,193,1873,4,4631,5058,3029,5204,0
2026-09-14,cohort,2026-08-20,2026-08-20,Thu,25,OK,5206,2784,2457,355,193,1874,4,4633,5060,2983,5206,0
2026-09-15,cohort,2026-08-20,2026-08-20,Thu,26,OK,5208,2785,2445,356,193,1874,0,4635,5062,2980,5208,0
2026-09-16,cohort,2026-08-20,2026-08-20,Thu,27,OK,5210,2786,2433,356,193,1875,0,4636,5064,2879,5210,0
2026-09-17,cohort,2026-08-20,2026-08-20,Thu,28,OK,5212,2788,2422,356,193,1875,11,4638,5066,3168,5212,0
2026-09-18,cohort,2026-08-20,2026-08-20,Thu,29,OK,5214,2789,2409,356,193,1876,4,4640,5068,3117,5214,0
2026-09-19,cohort,2026-08-20,2026-08-20,Thu,30,OK,5216,2790,2397,356,193,1877,4,4642,5069,3141,5216,0
2026-08-21,cohort,2026-08-19,2026-08-19,Wed,2,OK,4724,1105,1094,179,2498,942,11,4109,4591,2836,4724,0
2026-08-22,cohort,2026-08-19,2026-08-19,Wed,3,OK,4726,1175,1158,192,2381,978,4,4116,4593,2849,4726,0
2026-08-23,cohort,2026-08-19,2026-08-19,Wed,4,OK,4728,1245,1221,204,2263,1016,0,4122,4595,2661,4728,0
2026-08-24,cohort,2026-08-19,2026-08-19,Wed,5,OK,4730,1315,1284,215,2146,1054,0,4129,4597,2632,4730,0
2026-08-25,cohort,2026-08-19,2026-08-19,Wed,6,OK,4732,1386,1347,226,2030,1090,0,4135,4599,2838,4732,0
2026-08-26,cohort,2026-08-19,2026-08-19,Wed,7,OK,4734,1456,1408,236,1913,1129,0,4142,4601,2838,4734,0
2026-08-27,cohort,2026-08-19,2026-08-19,Wed,8,OK,4736,1527,1469,246,1797,1166,11,4148,4603,2641,4736,0
2026-08-28,cohort,2026-08-19,2026-08-19,Wed,9,OK,4737,1597,1529,255,1681,1204,4,4154,4604,2648,4737,0
2026-08-29,cohort,2026-08-19,2026-08-19,Wed,10,OK,4739,1668,1589,264,1566,1241,11,4160,4606,2908,4739,0
2026-08-30,cohort,2026-08-19,2026-08-19,Wed,11,OK,4741,1740,1650,272,1450,1279,0,4167,4608,2885,4741,0
2026-08-31,cohort,2026-08-19,2026-08-19,Wed,12,OK,4743,1811,1709,279,1335,1318,4,4173,4610,2637,4743,0
2026-09-01,cohort,2026-08-19,2026-08-19,Wed,13,OK,4745,1883,1768,286,1219,1357,11,4180,4612,2913,4745,0
2026-09-02,cohort,2026-08-19,2026-08-19,Wed,14,OK,4747,1955,1826,293,1104,1395,0,4186,4614,2793,4747,0
2026-09-03,cohort,2026-08-19,2026-08-19,Wed,15,OK,4749,2028,1885,299,989,1433,0,4193,4616,2755,4749,0
2026-09-04,cohort,2026-08-19,2026-08-19,Wed,16,OK,4751,2101,1943,304,873,1473,4,4199,4617,2665,4751,0
2026-09-05,cohort,2026-08-19,2026-08-19,Wed,17,NA,,,,,,,,,,,,
2026-09-06,cohort,2026-08-19,2026-08-19,Wed,18,OK,4754,2247,2057,313,642,1552,11,4212,4620,2667,4754,0
2026-09-07,cohort,2026-08-19,2026-08-19,Wed,19,OK,4756,2321,2114,317,526,1592,11,4218,4622,2917,4756,0
2026-09-08,cohort,2026-08-19,2026-08-19,Wed,20,OK,4758,2396,2171,320,409,1633,0,4225,4624,2752,4758,0
2026-09-09,cohort,2026-08-19,2026-08-19,Wed,21,OK,4760,2471,2227,323,293,1673,0,4231,4626,2710,4760,0
2026-09-10,cohort,2026-08-19,2026-08-19,Wed,22,OK,4762,2547,2284,325,176,1714,0,4238,4628,2905,4762,0
2026-09-11,cohort,2026-08-19,2026-08-19,Wed,23,OK,4764,2548,2273,325,176,1715,0,4239,4630,2737,4764,0
2026-09-12,cohort,2026-08-19,2026-08-19,Wed,24,OK,4766,2549,2262,325,176,1716,11,4241,4632,2661,4766,0
2026-09-13,cohort,2026-08-19,2026-08-19,Wed,25,OK,4768,2550,2251,325,176,1717,0,4243,4634,2918,4768,0
2026-09-14,cohort,2026-08-19,2026-08-19,Wed,26,OK,4770,2551,2240,326,176,1717,0,4245,4636,2631,4770,0
2026-09-15,cohort,2026-08-19,2026-08-19,Wed,27,OK,4771,2552,2229,326,176,1717,0,4246,4637,2846,4771,0
2026-09-16,cohort,2026-08-19,2026-08-19,Wed,28,OK,4773,2553,2217,326,177,1717,0,4247,4639,2738,4773,0
2026-09-17,cohort,2026-08-19,2026-08-19,Wed,29,OK,4775,2554,2206,326,177,1718,0,4249,4641,2643,4775,0
2026-09-18,cohort,2026-08-19,2026-08-19,Wed,30,OK,4777,2555,2195,326,177,1719,4,4251,4643,2708,4777,0
2026-09-19,cohort,2026-08-19,2026-08-19,Wed,31,OK,4779,2556,2184,326,177,1720,0,4253,4645,2860,4779,0
2026-08-20,cohort,2026-08-18,2026-08-18,Tue,2,OK,9464,2214,2193,359,5006,1885,0,8233,9199,5748,9464,0
2026-08-21,cohort,2026-08-18,2026-08-18,Tue,3,OK,9468,2354,2320,384,4770,1960,0,8246,9202,5559,9468,0
2026-08-22,cohort,2026-08-18,2026-08-18,Tue,4,OK,9472,2495,2448,408,4535,2034,11,8259,9206,5450,9472,0
2026-08-23,cohort,2026-08-18,2026-08-18,Tue,5,OK,9475,2635,2573,431,4300,2109,0,8271,9209,5255,9475,0
2026-08-24,cohort,2026-08-18,2026-08-18,Tue,6,OK,9479,2776,2697,453,4067,2183,0,8284,9213,5314,9479,0
2026-08-25,cohort,2026-08-18,2026-08-18,Tue,7,OK,9483,2917,2821,474,3834,2258,0,8297,9217,5871,9483,0
2026-08-26,cohort,2026-08-18,2026-08-18,Tue,8,OK,9487,3059,2944,493,3601,2334,11,8310,9221,5649,9487,0
2026-08-27,cohort,2026-08-18,2026-08-18,Tue,9,OK,9491,3201,3065,512,3369,2409,11,8323,9225,5223,9491,0
2026-08-28,cohort,2026-08-18,2026-08-18,Tue,10,OK,9494,3343,3186,529,3137,2485,0,8335,9228,5410,9494,0
2026-08-29,cohort,2026-08-18,2026-08-18,Tue,11,OK,9498,3486,3306,545,2906,2561,4,8348,9232,5279,9498,0
2026-08-30,cohort,2026-08-18,2026-08-18,Tue,12,OK,9502,3629,3424,560,2674,2639,0,8361,9235,5818,9502,0
2026-08-31,cohort,2026-08-18,2026-08-18,Tue,13,OK,9506,3773,3543,574,2443,2716,0,8374,9239,5348,9506,0
2026-09-01,cohort,2026-08-18,2026-08-18,Tue,14,OK,9509,3917,3659,587,2212,2793,4,8386,9242,5260,9509,0
2026-09-02,cohort,2026-08-18,2026-08-18,Tue,15,OK,9513,4062,3776,599,1981,2871,11,8399,9246,5332,9513,0
2026-09-03,cohort,2026-08-18,2026-08-18,Tue,16,OK,9517,4208,3892,610,1750,2949,0,8413,9250,5519,9517,0
2026-09-04,cohort,2026-08-18,2026-08-18,Tue,17,OK,9521,4355,4007,619,1518,3029,11,8426,9254,5689,9521,0
2026-09-05,cohort,2026-08-18,2026-08-18,Tue,18,NA,,,,,,,,,,,,
2026-09-06,cohort,2026-08-18,2026-08-18,Tue,19,OK,9528,4651,4236,636,1054,3187,11,8451,9261,5728,9528,0
2026-09-07,cohort,2026-08-18,2026-08-18,Tue,20,OK,9532,4800,4350,642,821,3269,4,8464,9265,5455,9532,0
2026-09-08,cohort,2026-08-18,2026-08-18,Tue,21,OK,9536,4951,4463,647,587,3351,0,8477,9268,5642,9536,0
2026-09-09,cohort,2026-08-18,2026-08-18,Tue,22,OK,9540,5103,4576,652,353,3432,0,8490,9272,5287,9540,0
2026-09-10,cohort,2026-08-18,2026-08-18,Tue,23,OK,9544,5105,4554,652,354,3433,11,8494,9276,5903,9544,0
2026-09-11,cohort,2026-08-18,2026-08-18,Tue,24,OK,9547,5106,4531,652,354,3435,0,8496,9279,5406,9547,0
2026-09-12,cohort,2026-08-18,2026-08-18,Tue,25,OK,9551,5109,4510,652,354,3436,4,8500,9283,5464,9551,0
2026-09-13,cohort,2026-08-18,2026-08-18,Tue,26,OK,9555,5111,4488,653,354,3437,0,8503,9287,5844,9555,0
2026-09-14,cohort,2026-08-18,2026-08-18,Tue,27,OK,9559,5113,4465,653,354,3439,0,8507,9291,5400,9559,0
2026-09-15,cohort,2026-08-18,2026-08-18,Tue,28,OK,9562,5114,4442,653,354,3441,11,8510,9294,5471,9562,0
2026-09-16,cohort,2026-08-18,2026-08-18,Tue,29,OK,9566,5117,4421,654,354,3441,0,8513,9298,5869,9566,0
2026-09-17,cohort,2026-08-18,2026-08-18,Tue,30,OK,9570,5119,4399,654,354,3443,0,8517,9302,5329,9570,0
2026-09-18,cohort,2026-08-18,2026-08-18,Tue,31,OK,9574,5121,4376,654,355,3444,0,8520,9305,5424,9574,0
2026-09-19,cohort,2026-08-18,2026-08-18,Tue,32,OK,9578,5123,4354,654,355,3446,4,8524,9309,5798,9578,0
2026-08-20,ytd,2026-01-01:2026-08-18,2026-08-18,,,OK,1043846,482256,400272,82463,134658,344469,11482,917540,1016706,659710,1043846,0
2026-08-21,ytd,2026-01-01:2026-08-18,2026-08-18,,,OK,1043883,482273,400286,82466,134663,344481,11482,917573,1016742,659734,1043883,0
2026-08-21,ytd,2026-01-01:2026-08-19,2026-08-19,,,OK,1048384,484353,402012,82822,135243,345966,11532,921529,1021126,662578,1048384,0
2026-08-22,ytd,2026-01-01:2026-08-19,2026-08-19,,,OK,1048421,484370,402027,82825,135248,345978,11532,921562,1021162,662602,1048421,0
2026-08-22,ytd,2026-01-01:2026-08-20,2026-08-20,,,OK,1052923,486450,403753,83180,135829,347464,11582,925519,1025547,665447,1052923,0
2026-08-23,ytd,2026-01-01:2026-08-20,2026-08-20,,,OK,1052960,486467,403767,83183,135834,347476,11582,925551,1025583,665470,1052960,0
2026-08-23,ytd,2026-01-01:2026-08-21,2026-08-21,,,OK,1057461,488546,405493,83539,136414,348962,11632,929508,1029967,668315,1057461,0
2026-08-24,ytd,2026-01-01:2026-08-21,2026-08-21,,,OK,1057498,488564,405508,83542,136418,348974,11632,929540,1030003,668338,1057498,0
2026-08-24,ytd,2026-01-01:2026-08-22,2026-08-22,,,OK,1062000,490644,407234,83898,136998,350460,11682,933498,1034388,671184,1062000,0
2026-08-25,ytd,2026-01-01:2026-08-22,2026-08-22,,,OK,1062037,490661,407248,83900,137004,350472,11682,933530,1034424,671207,1062037,0
2026-08-25,ytd,2026-01-01:2026-08-23,2026-08-23,,,OK,1066538,492740,408974,84256,137585,351957,11731,937486,1038808,674052,1066538,0
2026-08-26,ytd,2026-01-01:2026-08-23,2026-08-23,,,OK,1066575,492757,408988,84259,137590,351969,11732,937519,1038844,674075,1066575,0
2026-08-26,ytd,2026-01-01:2026-08-24,2026-08-24,,,OK,1071076,494837,410714,84615,138169,353455,11781,941475,1043228,676920,1071076,0
2026-08-27,ytd,2026-01-01:2026-08-24,2026-08-24,,,OK,1071113,494854,410728,84617,138175,353467,11782,941508,1043264,676943,1071113,0
2026-08-27,ytd,2026-01-01:2026-08-25,2026-08-25,,,OK,1075615,496934,412455,84973,138756,354952,11831,945465,1047649,679788,1075615,0
2026-08-28,ytd,2026-01-01:2026-08-25,2026-08-25,,,OK,1075652,496951,412469,84976,138760,354965,11832,945498,1047685,679812,1075652,0
2026-08-28,ytd,2026-01-01:2026-08-26,2026-08-26,,,OK,1080153,499030,414194,85332,139341,356450,11881,949454,1052069,682656,1080153,0
2026-08-29,ytd,2026-01-01:2026-08-26,2026-08-26,,,OK,1080190,499047,414209,85335,139346,356462,11882,949487,1052105,682680,1080190,0
2026-08-29,ytd,2026-01-01:2026-08-27,2026-08-27,,,OK,1084692,501127,415935,85690,139927,357948,11931,953444,1056490,685525,1084692,0
2026-08-30,ytd,2026-01-01:2026-08-27,2026-08-27,,,OK,1084729,501144,415949,85693,139932,357960,11932,953476,1056526,685548,1084729,0
2026-08-30,ytd,2026-01-01:2026-08-28,2026-08-28,,,OK,1089230,503224,417675,86049,140512,359445,11981,957433,1060910,688393,1089230,0
2026-08-31,ytd,2026-01-01:2026-08-28,2026-08-28,,,OK,1089267,503241,417690,86052,140516,359458,11981,957465,1060946,688416,1089267,0
2026-08-31,ytd,2026-01-01:2026-08-29,2026-08-29,,,OK,1093769,505321,419416,86407,141098,360943,12031,961422,1065331,691262,1093769,0
2026-09-01,ytd,2026-01-01:2026-08-29,2026-08-29,,,OK,1093806,505338,419430,86410,141103,360955,12031,961455,1065367,691285,1093806,0
2026-09-01,ytd,2026-01-01:2026-08-30,2026-08-30,,,OK,1098307,507417,421156,86766,141683,362441,12081,965411,1069751,694130,1098307,0
2026-09-02,ytd,2026-01-01:2026-08-30,2026-08-30,,,OK,1098344,507434,421170,86769,141688,362453,12081,965444,1069787,694153,1098344,0
2026-09-02,ytd,2026-01-01:2026-08-31,2026-08-31,,,OK,1102846,509514,422896,87124,142269,363939,12131,969401,1074172,696998,1102846,0
2026-09-03,ytd,2026-01-01:2026-08-31,2026-08-31,,,OK,1102883,509531,422910,87127,142274,363951,12131,969434,1074208,697022,1102883,0
2026-09-03,ytd,2026-01-01:2026-09-01,2026-09-01,,,OK,1107384,511611,424637,87483,142854,365436,12181,973390,1078592,699866,1107384,0
2026-09-04,ytd,2026-01-01:2026-09-01,2026-09-01,,,OK,1107421,511628,424651,87486,142859,365448,12181,973423,1078628,699890,1107421,0
2026-09-04,ytd,2026-01-01:2026-09-02,2026-09-02,,,OK,1111923,513708,426377,87841,143440,366934,12231,977380,1083013,702735,1111923,0
2026-09-05,ytd,2026-01-01:2026-09-02,2026-09-02,,,OK,1111960,513725,426391,87844,143445,366946,12231,977412,1083049,702758,1111960,0
2026-09-05,ytd,2026-01-01:2026-09-03,2026-09-03,,,OK,1116461,515804,428117,88200,144025,368432,12281,981369,1087433,705603,1116461,0
2026-09-06,ytd,2026-01-01:2026-09-03,2026-09-03,,,OK,1116498,515822,428132,88203,144029,368444,12281,981401,1087469,705626,1116498,0
2026-09-06,ytd,2026-01-01:2026-09-04,2026-09-04,,,OK,1121000,517902,429858,88559,144609,369930,12331,985359,1091854,708472,1121000,0
2026-09-07,ytd,2026-01-01:2026-09-04,2026-09-04,,,OK,1121037,517919,429872,88561,144615,369942,12331,985391,1091890,708495,1121037,0
2026-09-07,ytd,2026-01-01:2026-09-05,2026-09-05,,,OK,1125538,519998,431598,88917,145196,371427,12380,989347,1096274,711340,1125538,0
2026-09-08,ytd,2026-01-01:2026-09-05,2026-09-05,,,OK,1125575,520015,431612,88920,145201,371439,12381,989380,1096310,711363,1125575,0
2026-09-08,ytd,2026-01-01:2026-09-06,2026-09-06,,,OK,1130076,522095,433338,89276,145780,372925,12430,993336,1100694,714208,1130076,0
2026-09-09,ytd,2026-01-01:2026-09-06,2026-09-06,,,OK,1130113,522112,433352,89278,145786,372937,12431,993369,1100730,714231,1130113,0
2026-09-09,ytd,2026-01-01:2026-09-07,2026-09-07,,,OK,1134615,524192,435079,89634,146367,374422,12480,997326,1105115,717076,1134615,0
2026-09-10,ytd,2026-01-01:2026-09-07,2026-09-07,,,OK,1134652,524209,435093,89637,146371,374435,12481,997359,1105151,717100,1134652,0
2026-09-10,ytd,2026-01-01:2026-09-08,2026-09-08,,,OK,1139153,526288,436819,89993,146952,375920,12530,1001315,1109535,719944,1139153,0
2026-09-11,ytd,2026-01-01:2026-09-08,2026-09-08,,,OK,1139190,526305,436833,89996,146957,375932,12531,1001348,1109571,719968,1139190,0
2026-09-11,ytd,2026-01-01:2026-09-09,2026-09-09,,,OK,1143692,528385,438559,90351,147538,377418,12580,1005305,1113956,722813,1143692,0
2026-09-12,ytd,2026-01-01:2026-09-09,2026-09-09,,,OK,1143729,528402,438573,90354,147543,377430,12581,1005337,1113992,722836,1143729,0
2026-09-12,ytd,2026-01-01:2026-09-10,2026-09-10,,,OK,1148230,530482,440300,90710,148123,378915,12630,1009294,1118376,725681,1148230,0
2026-09-13,ytd,2026-01-01:2026-09-10,2026-09-10,,,OK,1148267,530499,440314,90713,148127,378928,12630,1009326,1118412,725704,1148267,0
2026-09-13,ytd,2026-01-01:2026-09-11,2026-09-11,,,OK,1152769,532579,442040,91068,148709,380413,12680,1013283,1122797,728550,1152769,0
2026-09-14,ytd,2026-01-01:2026-09-11,2026-09-11,,,OK,1152806,532596,442054,91071,148714,380425,12680,1013316,1122833,728573,1152806,0
2026-09-14,ytd,2026-01-01:2026-09-12,2026-09-12,,,OK,1157307,534675,443780,91427,149294,381911,12730,1017272,1127217,731418,1157307,0
2026-09-15,ytd,2026-01-01:2026-09-12,2026-09-12,,,OK,1157344,534692,443794,91430,149299,381923,12730,1017305,1127253,731441,1157344,0
2026-09-15,ytd,2026-01-01:2026-09-13,2026-09-13,,,OK,1161846,536772,445520,91785,149880,383409,12780,1021262,1131638,734286,1161846,0
2026-09-16,ytd,2026-01-01:2026-09-13,2026-09-13,,,OK,1161883,536789,445534,91788,149885,383421,12780,1021295,1131674,734310,1161883,0
2026-09-16,ytd,2026-01-01:2026-09-14,2026-09-14,,,OK,1166384,538869,447261,92144,150465,384906,12830,1025251,1136058,737154,1166384,0
2026-09-17,ytd,2026-01-01:2026-09-14,2026-09-14,,,OK,1166421,538886,447275,92147,150470,384918,12830,1025284,1136094,737178,1166421,0
2026-09-17,ytd,2026-01-01:2026-09-15,2026-09-15,,,OK,1170923,540966,449001,92502,151051,386404,12880,1029241,1140479,740023,1170923,0
2026-09-18,ytd,2026-01-01:2026-09-15,2026-09-15,,,OK,1170960,540983,449015,92505,151056,386416,12880,1029273,1140515,740046,1170960,0
2026-09-18,ytd,2026-01-01:2026-09-16,2026-09-16,,,OK,1175461,543062,450741,92861,151636,387902,12930,1033230,1144899,742891,1175461,0
2026-09-19,ytd,2026-01-01:2026-09-16,2026-09-16,,,OK,1175498,543080,450756,92864,151640,387914,12930,1033262,1144935,742914,1175498,0
2026-09-19,ytd,2026-01-01:2026-09-17,2026-09-17,,,OK,1180000,545160,452482,93220,152220,389400,12980,1037220,1149320,745760,1180000,0
