PubMed Summary Report,2020-2026,Generated 2026-10-05

,2020,2021,2022,2023,2024,2025,Sep YTD
# Articles - [crdt] create date,1459119,1558215,1589383,1551376,1562038,1710479,1332050
medline [sb],1037026,1048712,1013678,943769,954055,961704,608889
indexingmethod_automated,286771,571270,873071,824954,708340,783400,495479
inprocess [sb],49,129,187,3411,44747,144240,103710
publisher [sb],7451,7437,11310,14966,15208,29215,181177
pubmednotmedline [sb],414593,501937,564208,589230,548005,575245,438273
all [sb],1459119,1558215,1589383,1551376,1562038,1710479,1332050
Preprints,1524,1386,841,13943,16385,19274,14545
Corrections (erratum notices),17959,19899,19201,19309,21650,25015,19916
Retractions,752,2679,2882,5951,5570,6200,7335
hasabstract (has abstract),1271950,1369080,1396849,1350414,1392937,1533947,1189695
"""Full Text""[sb] (full text links)",1427242,1529432,1565194,1527101,1538696,1682499,1302778
"""free full text""[sb] (free links)",835381,984005,1079256,1027892,1018788,1136174,849606
Free Full Text (percent),0.5725,0.6315,0.6790,0.6626,0.6522,0.6642,0.6378
orcid [auid] popular author ID,561674,694135,744468,698904,718721,809334,639654
PubMed % medline,0.7107,0.6730,0.6378,0.6083,0.6108,0.5622,0.4571
PubMed Central (PMC) Totals,791216,911201,1038392,963795,910330,1053554,866499
pmc[sb] (PMC in PubMed),711764,851351,951176,884738,864976,987504,720338
percent of PubMed from PMC,0.4878,0.5464,0.5985,0.5703,0.5537,0.5773,0.5408
pubmed pmc[sb] medline[sb],403729,441436,459857,393915,402908,459641,298194
PMC & medline % in PubMed,0.2767,0.2833,0.2893,0.2539,0.2579,0.2687,0.2239
systematic [sb] (sys reviews),34779,41021,43671,43259,46350,55277,43222
Clinical Trials *,39084,40407,37198,36184,38556,42592,28347
Cancer,233383,244282,244539,238008,243653,262400,194231
AIDS (Custom query),20218,20265,19729,19143,19953,21674,15538
Complement Med (Custom),18510,20390,20584,23979,24090,28029,21397
Light Therapy (custom),5548,5277,4561,4605,6001,6809,4376
Veterinary OR Zoo,39660,42683,42689,39522,41985,47317,36679
Etiology/Broad [filter],475925,508606,505526,491756,519384,592148,463931
Diagnosis/Broad [filter],302371,314048,306212,298566,318721,364354,288267
Therapy/Broad [filter],230840,230453,234248,226009,241550,273367,202257
Prognosis/Broad [filter],238023,253287,245212,238729,258339,301083,245955
Clinical Prediction Guides/Broad[filter],380022,417899,425014,416448,449628,522332,437864
systematic [sb] (sys reviews),0.0238,0.0263,0.0275,0.0279,0.0297,0.0323,0.0324
Clinical Trials *,0.0268,0.0259,0.0234,0.0233,0.0247,0.0249,0.0213
Cancer,0.1599,0.1568,0.1539,0.1534,0.1560,0.1534,0.1458
AIDS (Custom query),0.0139,0.0130,0.0124,0.0123,0.0128,0.0127,0.0117
Complement Med (Custom),0.0127,0.0131,0.0130,0.0155,0.0154,0.0164,0.0161
Light Therapy (custom),0.0038,0.0034,0.0029,0.0030,0.0038,0.0040,0.0033
Etiology/Broad [filter],0.3262,0.3264,0.3181,0.3170,0.3325,0.3462,0.3483
Diagnosis/Broad [filter],0.2072,0.2015,0.1927,0.1925,0.2040,0.2130,0.2164
Therapy/Broad [filter],0.1582,0.1479,0.1474,0.1457,0.1546,0.1598,0.1518
Prognosis/Broad [filter],0.1631,0.1625,0.1543,0.1539,0.1654,0.1760,0.1846
Clinical Prediction Guides/Broad[filter],0.2604,0.2682,0.2674,0.2684,0.2878,0.3054,0.3287
