"PubMed Filters Report","Jan-Sep 2026","Generated 2026-10-05"

"Medline and PrePrints",""
"Total",1332046
"* MEDLINE",609326
"* Exclude Preprints",1317501
"* Preprint",14545

"Text Availability",""
"* Abstract",1189691
"* Free Full Text",849608
"* Full Text",1302779

"Associated Data",""
"Associated Data",31218

"Language (only showing English)",""
"English",1310356
"English Abstract",16469

"Species",""
"Humans",462858
"Other Animals",164348

"Sex",""
"Male",248573
"Female",264824

"Age",""
"Child: birth-18 years",66967
"Newborn: birth-1 month",9255
"Infant: birth-23 months",14198
"Infant: 1-23 months",4943
"Preschool Child: 2-5 years",19856
"Child: 6-12 years",32681
"Adolescent: 13-18 years",42140
"Adult: 19+ years",200660
"Young Adult: 19-24 years",47645
"Adult: 19-44 years",131456
"Middle Aged + Aged: 45+ years",152614
"Middle Aged: 45-64 years",136516
"Aged: 65+ years",101509
"80 and over: 80+ years",24818

"Article Type (sorted)",""
"Article Type Total (sum, overlaps)",612654
"Review",173968
"Case Reports",53679
"Systematic Review",40968
"Research Support, Non-U.S. Gov't",39366
"Clinical Study",36916
"Letter",35912
"Editorial",25823
"Comparative Study",22472
"Published Erratum",19887
"Clinical Trial",19350
"Multicenter Study",17090
"Controlled Clinical Trial",16201
"Randomized Controlled Trial",16028
"Observational Study",14944
"Meta-Analysis",13751
"Comment",8001
"Research Support, U.S. Gov't",7476
"Research Support, N.I.H., Extramural",6442
"Validation Study",5737
"News",4232
"Retraction Notice",4029
"Evaluation Study",2691
"Books and Documents",2645
"Electronic Supplementary Materials",2389
"Video-Audio Media",2389
"Clinical Trial Protocol",2203
"Historical Article",2060
"Conference Proceedings",1722
"Clinical Trial, Phase II",1542
"Consensus Statement",1356
"Clinical Trial, Phase III",1208
"Guideline",1174
"Research Support, U.S. Gov't, Non-P.H.S.",1159
"Practice Guideline",1128
"Clinical Trial, Phase I",1044
"Expression of Concern",781
"Dataset",764
"Introductory Journal Article",619
"Equivalence Trial",593
"Research Support, U.S. Gov't, P.H.S.",495
"Pragmatic Clinical Trial",346
"Biography",325
"Clinical Trial, Veterinary",279
"Randomized Controlled Trial, Veterinary",268
"Interview",240
"Research Support, N.I.H., Intramural",225
"Retracted Publication",220
"Clinical Trial, Phase IV",163
"Twin Study",145
"Personal Narrative",76
"Observational Study, Veterinary",47
"Lecture",23
"Address",16
"Adaptive Clinical Trial",15
"Webcast",13
"Corrected and Republished Article",12
"Patient Education Handout",7
"Collected Work",0
"Festschrift",0
"Duplicate Publication",0
"Research Support, American Recovery and Reinvestment Act",0

